state,district_census2011_code,district_t,district_tp1,year_t,year_tp1,sub_centres_t,sub_centres_tp1,phcs_t,phcs_tp1,chcs_t,chcs_tp1,sub_divisional_hospital_t,sub_divisional_hospital_tp1,district_hospital_t,district_hospital_tp1,population_t,population_tp1
Odisha,387,Puri,Puri,2019-20,2020-21,241,241,51,52,17,17,0,0,1,1,1698730,1698730
Meghalaya,297,Ri Bhoi,Ri Bhoi,2019-20,2020-21,33,34,10,10,3,3,0,0,1,1,258840,258840
Tamil Nadu,609,Namakkal,Namakkal,2019-20,2020-21,240,240,48,48,15,15,8,8,1,0,1726601,1726601
Gujarat,481,Bhavnagar,Bhavnagar,2019-20,2020-21,299,299,66,65,13,13,2,2,0,0,2880365,2880365
Delhi,097,South West,South West,2019-20,2020-21,40,12,46,43,0,0,0,0,4,4,2292958,2292958
Himachal Pradesh,028,Hamirpur,Hamirpur,2019-20,2020-21,150,152,32,32,2,2,5,5,0,0,454768,454768
Maharashtra,515,Aurangabad,Aurangabad,2019-20,2020-21,279,279,82,73,11,10,3,3,1,1,3701282,3701282
Chhattisgarh,417,Bijapur,Bijapur,2019-20,2020-21,123,77,11,10,5,5,0,0,1,1,255230,255230
Uttar Pradesh,135,Moradabad,Moradabad,2019-20,2020-21,267,267,60,56,7,7,0,0,2,2,4772006,4772006
Uttar Pradesh,133,Muzaffarnagar,Muzaffarnagar,2019-20,2020-21,286,286,49,47,4,7,0,0,2,2,4143512,4143512
Telangana,533,Nizamabad,Nizamabad,2019-20,2020-21,225,225,37,37,8,9,1,1,0,0,2551335,2551335
Jharkhand,351,Godda,Godda,2019-20,2020-21,181,243,10,2,7,10,0,0,1,1,1313551,1313551
Jharkhand,354,Dhanbad,Dhanbad,2019-20,2020-21,140,140,33,33,9,9,0,0,0,0,2684487,2684487
Lakshadweep,587,Lakshadweep,Lakshadweep District,2019-20,2020-21,11,7,4,4,3,3,2,2,1,1,64473,64473
Maharashtra,524,Latur,Latur,2019-20,2020-21,252,252,57,56,10,10,2,1,1,0,2454196,2454196
Tamil Nadu,615,Perambalur,Perambalur,2019-20,2020-21,90,90,25,25,4,4,12,3,1,1,565223,565223
Uttar Pradesh,196,Chandauli,Chandauli,2019-20,2020-21,248,248,30,30,4,4,0,0,4,4,1952756,1952756
Arunachal Pradesh,260,Anjaw,Anjaw,2019-20,2020-21,8,8,6,6,4,4,0,0,1,1,21167,21167
Uttar Pradesh,155,Hardoi,Hardoi,2019-20,2020-21,433,433,62,50,8,19,0,0,2,2,4092845,4092845
Maharashtra,500,Buldana,Buldhana,2019-20,2020-21,280,280,58,58,12,12,2,1,2,2,2586258,2586258
Punjab,051,Ropar,Rupnagar,2019-20,2020-21,85,85,13,14,3,4,1,2,1,1,684627,684627
Tamil Nadu,605,Vellore,Vellore,2019-20,2020-21,454,157,99,39,20,7,12,4,1,0,3936331,3936331
Rajasthan,107,Karauli,Karauli,2019-20,2020-21,278,281,40,39,11,14,1,1,1,1,1458248,1458248
Uttar Pradesh,158,Rae Bareli,Rae Bareli,2019-20,2020-21,352,352,51,51,17,19,0,0,2,2,3405559,3405559
Gujarat,477,Jamnagar,Jamnagar,2019-20,2020-21,210,210,45,45,9,9,0,0,0,0,2160119,2160119
Jammu And Kashmir,014,Anantnag,Anantnag,2019-20,2020-21,139,139,63,65,5,5,0,0,1,0,1078692,1078692
Gujarat,488,Bharuch,Bharuch,2019-20,2020-21,241,241,46,46,9,9,0,1,1,1,1551019,1551019
Madhya Pradesh,433,Mandsaur,Mandsaur,2019-20,2020-21,180,177,40,40,7,7,2,2,1,1,1340411,1340411
Assam,306,Sonitpur,Sonitpur,2019-20,2020-21,281,144,55,29,9,6,2,0,1,1,1924110,1924110
Assam,311,Sibsagar,Sivasagar,2019-20,2020-21,220,150,46,27,4,2,2,1,1,1,1151050,1151050
Madhya Pradesh,437,Dewas,Dewas,2019-20,2020-21,209,205,25,28,7,6,2,3,1,1,1563715,1563715
Madhya Pradesh,457,Balaghat,Balaghat,2019-20,2020-21,292,295,38,40,7,7,3,3,1,1,1701698,1701698
Tamil Nadu,613,Karur,Karur,2019-20,2020-21,168,168,29,29,8,8,6,6,1,1,1064493,1064493
Bihar,234,Rohtas,Rohtas,2019-20,2020-21,249,251,56,54,2,6,2,2,1,1,2959918,2959918
Odisha,389,Gajapati,Gajapati,2019-20,2020-21,136,136,22,22,8,8,0,0,1,1,577817,577817
Karnataka,573,Mandya,Mandya,2019-20,2020-21,410,410,117,116,9,10,6,6,0,0,1805769,1805769
Punjab,035,Gurdaspur,Gurdaspur,2019-20,2020-21,227,222,33,33,13,13,1,1,1,1,2298323,2298323
West Bengal,332,Malda,Maldah,2019-20,2020-21,511,511,40,40,16,16,1,1,0,0,3988845,3988845
West Bengal,337,North 24 Parganas,24 Paraganas North,2019-20,2020-21,742,742,149,149,22,22,10,10,2,2,10009781,10009781
Odisha,382,Jajapur,Jajapur,2019-20,2020-21,260,260,62,62,12,12,0,0,1,1,1827192,1827192
Arunachal Pradesh,246,West Kameng,West Kameng,2019-20,2020-21,23,22,5,5,5,5,0,0,1,1,83947,83947
Maharashtra,517,Thane,Thane,2019-20,2020-21,176,176,133,138,11,13,5,3,6,1,11060148,11060148
Bihar,226,Munger,Munger,2019-20,2020-21,154,167,34,36,0,3,1,1,1,1,1367765,1367765
Madhya Pradesh,451,Jabalpur,Jabalpur,2019-20,2020-21,178,178,51,54,6,7,3,1,1,1,2463289,2463289
Kerala,589,Kannur,Kannur,2019-20,2020-21,414,415,88,86,9,12,9,9,3,3,2523003,2523003
Rajasthan,099,Ganganagar,Ganganagar,2019-20,2020-21,415,419,62,64,18,18,0,0,1,1,1969168,1969168
Bihar,212,Katihar,Katihar,2019-20,2020-21,341,327,63,65,1,8,2,2,1,1,3071029,3071029
Bihar,240,Arwal,Arwal,2019-20,2020-21,63,65,33,33,0,2,0,0,1,1,700843,700843
Maharashtra,501,Akola,Akola,2019-20,2020-21,178,179,45,42,5,5,1,1,1,0,1813906,1813906
Uttar Pradesh,192,Maunathbhanjan,Mau,2019-20,2020-21,225,225,43,43,6,6,0,0,2,2,2205968,2205968
Maharashtra,523,Bid,Beed,2019-20,2020-21,297,297,55,57,10,10,3,3,2,1,2585049,2585049
Maharashtra,530,Kolhapur,Kolhapur,2019-20,2020-21,413,413,91,92,18,18,4,4,0,0,3876001,3876001
Rajasthan,121,Bundi,Bundi,2019-20,2020-21,207,206,33,32,13,14,0,0,1,1,1110906,1110906
Chhattisgarh,402,Jashpur,Jashpur,2019-20,2020-21,258,259,35,34,8,8,2,0,1,1,851669,851669
Kerala,591,Kozhikode,Kozhikode,2019-20,2020-21,401,413,74,75,16,16,7,7,4,3,3086293,3086293
Assam,308,Dhemaji,Dhemaji,2019-20,2020-21,98,98,24,24,4,5,0,0,1,1,686133,686133
Chhattisgarh,415,Narayanpur,Narayanpur,2019-20,2020-21,58,63,8,8,1,1,0,0,1,1,139820,139820
Assam,320,Chirang,Chirang,2019-20,2020-21,87,87,24,24,4,4,0,0,1,1,482162,482162
Rajasthan,114,Jaisalmer,Jaisalmer,2019-20,2020-21,157,156,31,25,8,10,0,0,1,1,669919,669919
Madhya Pradesh,452,Narsinghpur,Narsinghpur,2019-20,2020-21,136,136,23,23,7,7,1,1,1,1,1091854,1091854
Madhya Pradesh,439,Indore,Indore,2019-20,2020-21,115,113,58,58,6,6,3,4,1,1,3276697,3276697
Odisha,397,Nabarangapur,Nabarangpur,2019-20,2020-21,289,289,41,41,10,10,1,1,1,1,1220946,1220946
Gujarat,479,Junagadh,Junagadh,2019-20,2020-21,235,237,46,46,9,9,0,1,0,0,2743082,2743082
Jammu And Kashmir,008,Baramulla,Baramulla,2019-20,2020-21,188,188,87,86,6,7,0,0,1,0,1008039,1008039
Nagaland,270,Kohima,Kohima,2019-20,2020-21,41,41,15,16,3,3,0,0,1,1,267988,267988
Nagaland,262,Mokokchung,Mokokchung,2019-20,2020-21,51,55,17,17,3,3,0,0,1,1,194622,194622
Chhattisgarh,410,Raipur,Raipur,2019-20,2020-21,280,275,49,36,11,10,3,1,1,1,4063872,4063872
Haryana,079,Sirsa,Sirsa,2019-20,2020-21,156,156,28,28,8,8,1,1,1,1,1295189,1295189
Chhattisgarh,409,Durg,Durg,2019-20,2020-21,221,221,32,30,8,8,1,1,1,1,3343872,3343872
West Bengal,343,South 24 Parganas,24 Paraganas South,2019-20,2020-21,1068,1068,78,80,30,30,7,7,1,1,8161961,8161961
Tamil Nadu,610,Erode,Erode,2019-20,2020-21,311,311,62,62,14,14,7,7,1,1,2251744,2251744
Tamil Nadu,626,Ramanathapuram,Ramanathapuram,2019-20,2020-21,244,244,48,48,11,11,11,9,1,0,1353445,1353445
Maharashtra,508,Gadchiroli,Gadchiroli,2019-20,2020-21,376,376,48,48,9,9,3,3,2,1,1072942,1072942
Odisha,383,Dhenkanal,Dhenkanal,2019-20,2020-21,167,167,38,38,10,10,2,2,1,1,1192811,1192811
Karnataka,559,Raichur,Raichur,2019-20,2020-21,213,213,57,57,6,6,4,4,0,1,1928812,1928812
Uttarakhand,068,Haridwar,Haridwar,2019-20,2020-21,166,160,41,41,8,8,2,2,1,1,1890422,1890422
Odisha,377,Baleshwar,Baleshwar,2019-20,2020-21,275,275,74,73,17,17,1,1,1,1,2320529,2320529
Haryana,076,Sonipat,Sonipat,2019-20,2020-21,164,164,34,33,8,9,1,1,1,1,1450001,1450001
Karnataka,578,Chamrajnagar,Chamarajanagar,2019-20,2020-21,254,255,62,62,3,3,3,3,0,0,1020791,1020791
Madhya Pradesh,447,Betul,Betul,2019-20,2020-21,323,323,36,38,9,9,1,1,1,1,1575362,1575362
Bihar,222,Begusarai,Begusarai,2019-20,2020-21,292,292,44,44,2,7,1,1,1,1,2970541,2970541
Jammu And Kashmir,017,Rambam,Ramban,2019-20,2020-21,85,85,31,31,3,3,0,0,1,1,283713,283713
Madhya Pradesh,435,Ujjain,Ujjain,2019-20,2020-21,208,208,37,37,5,5,6,6,1,1,1986864,1986864
Uttarakhand,064,Almora,Almora,2019-20,2020-21,203,203,26,26,9,9,2,2,1,1,622506,622506
Rajasthan,126,Chittorgarh,Chittorgarh,2019-20,2020-21,383,383,54,52,23,24,1,1,1,1,1544338,1544338
Uttar Pradesh,161,Etawah,Etawah,2019-20,2020-21,169,169,34,34,8,8,0,0,3,3,1581810,1581810
Tamil Nadu,607,Viluppuram,Villupuram,2019-20,2020-21,557,345,88,52,22,13,11,7,1,0,3458873,3458873
Jammu And Kashmir,009,Bandipora,Bandipora,2019-20,2020-21,70,71,27,27,3,3,0,0,1,1,392232,392232
Karnataka,555,Belgaum,Belagavi,2019-20,2020-21,620,621,153,153,16,16,9,9,0,1,4779661,4779661
Rajasthan,106,Dholpur,Dholpur,2019-20,2020-21,230,233,36,34,7,7,1,1,1,1,1206516,1206516
The Dadra And Nagar Haveli And Daman And Diu,495,Daman,Daman,2019-20,2020-21,20,20,3,3,1,1,0,0,1,1,191173,191173
Uttar Pradesh,178,Ambedkar Nagar,Ambedkar Nagar,2019-20,2020-21,272,272,28,28,10,10,0,0,1,1,2397888,2397888
Jharkhand,369,Saraikela,Saraikela Kharsawan,2019-20,2020-21,192,136,13,12,6,6,1,0,1,1,1065056,1065056
Rajasthan,119,Ajmer,Ajmer,2019-20,2020-21,371,370,90,84,22,25,3,2,1,2,2583052,2583052
West Bengal,328,Jalpaiguri,Jalpaiguri,2019-20,2020-21,301,301,27,27,7,7,1,1,1,1,3872846,3872846
Madhya Pradesh,436,Shajapur,Shajapur,2019-20,2020-21,117,115,17,18,4,4,3,3,1,1,1512681,1512681
Karnataka,562,Dharwad,Dharwad,2019-20,2020-21,185,185,53,53,0,0,3,3,1,0,1847023,1847023
Uttar Pradesh,187,Maharajganj,Maharajganj,2019-20,2020-21,291,291,40,40,12,12,0,0,1,1,2684703,2684703
Uttar Pradesh,143,Aligarh,Aligarh,2019-20,2020-21,333,333,53,53,13,13,0,0,4,4,3673889,3673889
Bihar,238,Jamui,Jamui,2019-20,2020-21,234,279,39,34,3,7,0,0,1,1,1760405,1760405
Assam,313,Golaghat,Golaghat,2019-20,2020-21,143,143,40,39,5,9,1,1,1,1,1066888,1066888
Assam,326,Udalguri,Udalguri,2019-20,2020-21,150,150,24,24,7,7,0,0,1,1,831668,831668
Himachal Pradesh,029,Una,Una,2019-20,2020-21,136,136,24,23,9,9,5,5,1,1,521173,521173
West Bengal,329,Coochbehar,Coochbehar,2019-20,2020-21,406,406,38,38,12,12,4,4,0,0,2819086,2819086
Uttar Pradesh,138,Meerut,Meerut,2019-20,2020-21,280,280,57,57,12,12,0,0,2,2,3443689,3443689
Karnataka,584,Ramanagar,Ramanagara,2019-20,2020-21,249,252,65,65,4,4,3,3,1,0,1082636,1082636
Jharkhand,356,Lohardaga,Lohardaga,2019-20,2020-21,74,121,7,10,4,5,0,0,1,1,461790,461790
Kerala,601,Thiruvananthapuram,Thiruvananthapuram,2019-20,2020-21,485,487,85,71,22,22,8,8,6,7,3301427,3301427
Jharkhand,361,Ramgarh,Ramgarh,2019-20,2020-21,54,243,8,25,6,11,0,1,1,1,949443,949443
Maharashtra,521,Pune,Pune,2019-20,2020-21,542,545,193,192,28,40,11,5,2,1,9429408,9429408
West Bengal,331,Dakshin Dinajpur,Dinajpur Dakshin,2019-20,2020-21,248,248,22,22,8,8,1,1,1,1,1676276,1676276
Uttarakhand,067,US Nagar,Udam Singh Nagar,2019-20,2020-21,154,153,32,32,5,6,1,2,1,1,1648902,1648902
Uttar Pradesh,137,Jyotiba Phule Nagar,Amroha,2019-20,2020-21,175,175,32,32,8,8,0,0,2,2,1840221,1840221
Rajasthan,127,Kota,Kota,2019-20,2020-21,188,188,63,62,13,13,0,0,0,0,1951014,1951014
Gujarat,482,Anand,Anand,2019-20,2020-21,277,277,61,61,14,14,0,0,2,2,2092745,2092745
Assam,322,Kamrup M,Kamrup Metro,2019-20,2020-21,51,50,45,45,5,3,0,0,1,1,1253938,1253938
Gujarat,469,Banaskantha,Banas Kantha,2019-20,2020-21,759,759,125,125,26,26,2,4,1,0,3120506,3120506
Punjab,050,Tarn Taran,Tarn Taran,2019-20,2020-21,153,153,18,18,11,11,2,2,1,1,1119627,1119627
Nagaland,269,Kiphire,Kiphire,2019-20,2020-21,22,22,4,4,1,1,0,0,1,1,74004,74004
Tamil Nadu,624,Theni,Theni,2019-20,2020-21,162,162,33,33,8,8,5,5,1,1,1245899,1245899
Tamil Nadu,604,Kancheepuram,Kanchipuram,2019-20,2020-21,364,143,64,23,13,5,9,3,1,1,3998252,3998252
Karnataka,574,Hassan,Hassan,2019-20,2020-21,486,486,138,138,15,15,7,7,0,0,1776421,1776421
Nagaland,265,Dimapur,Dimapur,2019-20,2020-21,52,53,12,12,2,2,0,0,1,1,378811,378811
Chhattisgarh,407,Kawardha,Kabirdham,2019-20,2020-21,152,145,25,25,6,6,0,0,1,1,822526,822526
Uttar Pradesh,146,Agra,Agra,2019-20,2020-21,395,395,75,73,16,18,0,0,2,2,4418797,4418797
The Dadra And Nagar Haveli And Daman And Diu,494,Diu,Diu,2019-20,2020-21,6,6,1,1,1,1,0,0,1,1,52074,52074
Madhya Pradesh,440,Khargone,Khargone,2019-20,2020-21,317,317,63,61,10,10,2,2,1,1,1873046,1873046
Arunachal Pradesh,256,Kurung Kumey,Kurung Kumey,2019-20,2020-21,20,13,4,4,2,2,0,0,1,1,92076,92076
Jharkhand,358,Palamu,Palamu,2019-20,2020-21,171,343,24,16,7,13,2,1,1,1,1939869,1939869
Meghalaya,298,East Khasi Hills,East Khasi Hills,2019-20,2020-21,71,72,44,44,7,7,0,0,2,2,825922,825922
Mizoram,281,Mamit,Mamit,2019-20,2020-21,33,40,6,10,1,1,0,0,1,1,86364,86364
Karnataka,565,Bellary,Ballari,2019-20,2020-21,293,350,74,92,11,13,6,7,1,1,2452595,2452595
Assam,317,Karimganj,Karimganj,2019-20,2020-21,230,232,30,29,7,7,0,0,1,1,1228686,1228686
Gujarat,490,Navsari,Navsari,2019-20,2020-21,296,296,50,50,12,11,2,3,1,1,1329672,1329672
Bihar,229,Nalanda,Nalanda,2019-20,2020-21,367,370,70,69,4,9,2,2,1,1,2877653,2877653
Jammu And Kashmir,006,Rajouri,Rajouri,2019-20,2020-21,197,197,55,55,7,7,0,0,1,0,642415,642415
Chhattisgarh,413,Kanker,Kanker,2019-20,2020-21,253,248,35,34,8,8,1,1,1,1,748941,748941
Maharashtra,516,Nashik,Nashik,2019-20,2020-21,587,592,156,153,27,24,6,6,4,1,6107187,6107187
Meghalaya,299,West Jaintia Hills,West Jaintia Hills,2019-20,2020-21,46,46,15,15,3,3,0,0,1,1,395124,395124
Maharashtra,520,Raigarh,Raigad,2019-20,2020-21,288,288,59,60,8,8,5,6,1,1,2634200,2634200
Arunachal Pradesh,251,East Siang,East Siang,2019-20,2020-21,21,17,11,9,3,2,0,0,1,1,99214,99214
Gujarat,483,Kheda,Kheda,2019-20,2020-21,316,316,58,58,14,14,1,2,1,1,2299885,2299885
Punjab,037,Jalandhar,Jalandhar,2019-20,2020-21,211,198,38,37,14,14,2,2,1,1,2193590,2193590
Jharkhand,349,Giridih,Giridih,2019-20,2020-21,179,181,17,10,11,7,0,0,1,1,2445474,2445474
Kerala,594,Thrissur,Thrissur,2019-20,2020-21,471,471,83,86,24,24,6,6,3,3,3121200,3121200
Delhi,091,North,North,2019-20,2020-21,8,0,39,38,1,0,0,0,3,3,887978,887978
Punjab,041,Ludhiana,Ludhiana,2019-20,2020-21,278,265,47,47,10,16,4,4,1,1,3498739,3498739
Haryana,075,Panipat,Panipat,2019-20,2020-21,89,89,22,18,6,9,0,1,1,1,1205437,1205437
Bihar,228,Sheikhpura,Sheikhpura,2019-20,2020-21,104,85,23,23,1,2,0,0,1,1,636342,636342
Arunachal Pradesh,252,Upper Siang,Upper Siang,2019-20,2020-21,13,13,2,2,4,4,0,0,1,1,35320,35320
Tamil Nadu,632,Coimbatore,Coimbatore,2019-20,2020-21,328,328,77,77,12,12,12,12,1,1,3458045,3458045
Uttar Pradesh,195,Ghazipur,Ghazipur,2019-20,2020-21,418,418,12,60,6,17,0,0,2,2,3620268,3620268
Haryana,082,Rohtak,Rohtak,2019-20,2020-21,116,116,21,20,7,8,0,0,1,1,1061204,1061204
Uttar Pradesh,157,Lucknow,Lucknow,2019-20,2020-21,306,306,80,78,17,19,0,0,9,9,4589838,4589838
Maharashtra,497,Nandurbar,Nandurbar,2019-20,2020-21,292,293,61,61,12,12,2,2,1,0,1648295,1648295
Jammu And Kashmir,010,Srinagar,Srinagar,2019-20,2020-21,47,25,69,69,1,1,0,0,1,1,1236829,1236829
Odisha,396,Rayagada,Rayagada,2019-20,2020-21,235,235,39,39,11,11,1,1,1,1,967911,967911
Andhra Pradesh,549,Prakasam,Prakasam,2019-20,2020-21,534,534,99,100,15,15,2,2,1,1,3397448,3397448
Telangana,539,Nalgonda,Nalgonda,2019-20,2020-21,257,257,39,39,1,2,3,3,0,0,3488809,3488809
Maharashtra,513,Parbhani,Parbhani,2019-20,2020-21,214,215,38,38,6,6,2,2,2,1,1836086,1836086
Assam,310,Dibrugarh,Dibrugarh,2019-20,2020-21,234,234,31,31,10,10,0,0,0,0,1326335,1326335
Tamil Nadu,631,Krishnagiri,Krishnagiri,2019-20,2020-21,239,239,51,51,10,10,6,6,1,0,1879809,1879809
Bihar,230,Patna,Patna,2019-20,2020-21,382,409,106,113,4,8,4,3,0,1,5838465,5838465
West Bengal,335,Purba Bardhhaman,Purba Bardhaman,2019-20,2020-21,592,592,83,83,25,25,2,2,0,0,7717563,7717563
Manipur,274,Churachandpur,Churachandpur,2019-20,2020-21,71,52,11,7,1,0,0,0,1,1,274143,274143
Assam,314,Karbi Anglong,Karbi Anglong,2019-20,2020-21,154,104,42,24,8,6,1,0,0,0,956313,956313
Rajasthan,128,Baran,Baran,2019-20,2020-21,265,263,53,52,14,14,0,0,1,1,1222755,1222755
Chhattisgarh,403,Raigarh,Raigarh,2019-20,2020-21,350,350,53,55,9,10,3,2,1,1,1493984,1493984
Rajasthan,109,Dausa,Dausa,2019-20,2020-21,315,313,47,48,16,17,0,0,1,1,1634409,1634409
Gujarat,486,Vadodara,Vadodara,2019-20,2020-21,242,242,77,77,10,10,0,0,1,1,4165626,4165626
Bihar,204,Champaran East,Purbi Champaran,2019-20,2020-21,414,407,104,102,3,15,0,3,1,1,5099371,5099371
Madhya Pradesh,449,Hoshangabad,Hoshangabad,2019-20,2020-21,157,153,17,19,6,6,2,2,1,1,1241350,1241350
Bihar,203,Champaran West,Pashchim Champaran,2019-20,2020-21,554,554,55,56,0,11,1,2,1,0,3935042,3935042
Uttar Pradesh,167,Lalitpur,Lalitpur,2019-20,2020-21,197,197,27,27,4,4,0,0,2,2,1221592,1221592
Punjab,039,Nawanshehar,Shahid Bhagat Singh Nagar,2019-20,2020-21,96,95,18,18,5,4,1,1,1,1,612310,612310
Jammu And Kashmir,022,Samba,Samba,2019-20,2020-21,82,82,21,21,3,3,0,0,1,1,318898,318898
Andhra Pradesh,545,East Godavari,East Godavari,2019-20,2020-21,840,840,142,144,26,26,3,3,1,1,5154296,5154296
Jammu And Kashmir,005,Poonch,Poonch,2019-20,2020-21,137,137,44,44,3,3,0,0,1,1,476835,476835
Manipur,273,Tamenglong,Tamenglong,2019-20,2020-21,30,15,6,3,1,0,0,0,1,1,140651,140651
Jharkhand,347,Chatra,Chatra,2019-20,2020-21,93,93,9,9,5,5,0,0,1,1,1042886,1042886
Arunachal Pradesh,248,Papum Pare,Papum Pare,2019-20,2020-21,34,37,16,16,4,4,0,0,0,1,176573,176573
Rajasthan,108,Sawai Madhopur,Sawai Madhopur,2019-20,2020-21,266,269,39,42,14,14,1,1,1,1,1335551,1335551
Kerala,597,Kottayam,Kottayam,2019-20,2020-21,333,333,59,59,20,20,3,3,5,5,1974551,1974551
Odisha,392,Sonapur,Sonepur,2019-20,2020-21,89,89,20,20,5,5,1,1,1,1,610183,610183
Himachal Pradesh,027,Mandi,Mandi,2019-20,2020-21,331,334,87,85,12,13,15,13,1,1,999777,999777
Madhya Pradesh,431,Umaria,Umaria,2019-20,2020-21,124,113,13,14,3,3,0,0,1,1,644758,644758
Haryana,084,Mahendragarh,Mahendragarh,2019-20,2020-21,135,137,18,18,7,7,1,1,1,1,922088,922088
Jammu And Kashmir,007,Kathua,Kathua,2019-20,2020-21,185,185,53,53,5,5,0,0,1,0,616435,616435
Chhattisgarh,408,Rajnandgaon,Rajnandgaon,2019-20,2020-21,336,332,50,51,10,10,1,1,1,0,1537133,1537133
Chhattisgarh,405,Janjgir Champa,Janjgir-Champa,2019-20,2020-21,276,273,47,47,11,11,1,1,1,1,1619707,1619707
Bihar,211,Purnia,Purnia,2019-20,2020-21,473,312,56,64,2,5,1,2,1,1,3264619,3264619
Odisha,375,Keonjhar,Kendujhar,2019-20,2020-21,351,351,67,67,17,17,2,2,1,1,1801733,1801733
Madhya Pradesh,424,Tikamgarh,Tikamgarh,2019-20,2020-21,207,146,24,15,7,5,0,0,1,1,1445166,1445166
Madhya Pradesh,445,Sehore,Sehore,2019-20,2020-21,163,162,24,25,8,7,2,3,1,1,1311332,1311332
Tamil Nadu,628,Tirunelveli,Tirunelveli,2019-20,2020-21,379,202,85,43,19,9,9,8,1,0,3077233,3077233
Jammu And Kashmir,018,Kishtwar,Kishtwar,2019-20,2020-21,87,87,25,26,1,1,0,0,1,1,230696,230696
Jharkhand,363,Jamtara,Jamtara,2019-20,2020-21,129,108,13,5,4,5,0,0,1,1,791042,791042
Madhya Pradesh,442,Rajgarh,Rajgarh,2019-20,2020-21,215,213,30,28,5,5,4,4,1,1,1545814,1545814
Uttar Pradesh,132,Saharanpur,Saharanpur,2019-20,2020-21,364,364,62,62,14,21,0,0,2,2,3466382,3466382
Madhya Pradesh,421,Gwalior,Gwalior,2019-20,2020-21,119,119,55,50,3,3,4,3,1,1,2032036,2032036
Karnataka,556,Bagalkote,Bagalkot,2019-20,2020-21,233,233,55,55,8,8,5,5,1,0,1889752,1889752
Haryana,072,Kurukshetra,Kurukshetra,2019-20,2020-21,117,117,18,18,6,6,0,0,1,1,964655,964655
Maharashtra,514,Jalna,Jalna,2019-20,2020-21,218,218,43,44,8,9,1,1,2,1,1959046,1959046
Punjab,036,Kapurthala,Kapurthala,2019-20,2020-21,89,88,14,14,5,5,3,3,1,1,815168,815168
Kerala,588,Kasargod,Kasaragod,2019-20,2020-21,247,247,42,43,6,6,5,5,2,2,1307375,1307375
Assam,312,Jorhat,Jorhat,2019-20,2020-21,145,110,42,35,8,6,2,1,0,0,1092256,1092256
Andhra Pradesh,552,Kurnool,Kurnool,2019-20,2020-21,542,542,110,113,19,19,1,1,1,1,4053463,4053463
Odisha,395,Kalahandi,Kalahandi,2019-20,2020-21,242,242,46,46,18,18,1,1,1,1,1576869,1576869
Puducherry,635,Puducherry,Pondicherry,2019-20,2020-21,56,56,27,27,2,2,2,2,2,2,950289,950289
Punjab,043,Ferozepur,Firozepur,2019-20,2020-21,122,122,19,19,4,4,1,1,1,1,2029074,2029074
Himachal Pradesh,032,Sirmaur,Sirmaur,2019-20,2020-21,149,147,44,46,6,6,5,5,0,0,529855,529855
Arunachal Pradesh,258,Lower Dibang Valley,Lower Dibang Valley,2019-20,2020-21,14,13,3,4,4,4,0,0,1,1,54080,54080
Mizoram,282,Kolasib,Kolasib,2019-20,2020-21,26,26,5,5,1,1,0,0,1,1,83955,83955
Karnataka,575,Dakshina Kannada,Dakshin Kannad,2019-20,2020-21,430,430,80,77,5,8,4,4,2,2,2089649,2089649
Rajasthan,131,Pratapgarh,Pratapgarh,2019-20,2020-21,203,204,32,32,8,8,0,0,1,1,867848,867848
Tamil Nadu,611,Nilgiris,The Nilgiris,2019-20,2020-21,194,194,33,33,4,4,3,5,1,0,735394,735394
Gujarat,489,Dang,Dang,2019-20,2020-21,68,68,10,10,3,3,0,0,1,1,228291,228291
Gujarat,470,Patan,Patan,2019-20,2020-21,326,326,55,55,14,14,1,2,0,0,1343734,1343734
Rajasthan,112,Nagaur,Nagaur,2019-20,2020-21,798,803,131,132,32,35,3,3,1,1,3307743,3307743
Karnataka,558,Bidar,Bidar,2019-20,2020-21,275,275,58,58,8,8,4,4,0,1,1703300,1703300
Arunachal Pradesh,247,East Kameng,East Kameng,2019-20,2020-21,25,16,11,8,3,1,0,0,1,1,78690,78690
Maharashtra,499,Jalgaon,Jalgaon,2019-20,2020-21,442,443,95,95,19,17,3,3,0,0,4229917,4229917
Uttar Pradesh,163,Kanpur Dehat,Kanpur Dehat,2019-20,2020-21,240,240,31,30,8,8,0,0,2,2,1796184,1796184
Uttar Pradesh,139,Bagpat,Baghpat,2019-20,2020-21,200,200,24,24,7,7,0,0,1,1,1303048,1303048
Uttarakhand,065,Champawat,Champawat,2019-20,2020-21,66,66,6,10,2,2,1,1,1,1,259648,259648
Haryana,081,Bhiwani,Bhiwani,2019-20,2020-21,139,139,26,26,6,6,3,3,1,1,1634445,1634445
Jammu And Kashmir,001,Kupwara,Kupwara,2019-20,2020-21,233,233,63,63,7,7,0,0,1,1,870354,870354
Punjab,040,Fatehgarh Sahib,Fatehgarh Sahib,2019-20,2020-21,74,73,15,15,5,5,1,1,1,1,600163,600163
Uttarakhand,062,Pithoragarh,Pithoragarh,2019-20,2020-21,162,161,18,18,4,4,0,0,1,1,483439,483439
Maharashtra,529,Sindhudurg,Sindhudurg,2019-20,2020-21,248,248,38,38,7,7,3,3,1,1,849651,849651
Gujarat,468,Kachchh,Kachchh,2019-20,2020-21,442,442,77,77,16,16,2,3,0,0,2092371,2092371
Andhra Pradesh,542,Srikakulam,Srikakulam,2019-20,2020-21,465,465,88,89,15,15,2,2,1,1,2703114,2703114
Rajasthan,101,Bikaner,Bikaner,2019-20,2020-21,419,421,72,70,17,18,0,0,0,0,2363937,2363937
Tamil Nadu,623,Madurai,Madurai,2019-20,2020-21,314,314,75,75,13,13,6,7,1,1,3038252,3038252
Tamil Nadu,620,Thanjavur,Thanjavur,2019-20,2020-21,309,309,63,63,14,14,5,13,1,1,2405890,2405890
Bihar,223,Khagaria,Khagaria,2019-20,2020-21,187,193,32,32,1,3,0,0,1,1,1666886,1666886
Jammu And Kashmir,020,Reasi,Reasi,2019-20,2020-21,103,103,33,33,2,2,0,0,1,1,314667,314667
Punjab,053,Sangrur,Sangrur,2019-20,2020-21,194,192,33,33,8,8,4,4,1,1,1655169,1655169
Odisha,384,Anugul,Anugul,2019-20,2020-21,166,166,31,31,9,9,3,3,1,1,1273821,1273821
Uttar Pradesh,166,Jhansi,Jhansi,2019-20,2020-21,338,338,49,45,8,12,0,0,2,2,1998603,1998603
Kerala,590,Wayanad,Wayanad,2019-20,2020-21,200,201,24,23,9,9,2,2,2,2,817420,817420
Arunachal Pradesh,259,Lohit,Lohit,2019-20,2020-21,20,12,4,4,2,2,0,0,1,1,145726,145726
Jharkhand,360,Hazaribagh,Hazaribagh,2019-20,2020-21,140,129,16,13,8,4,1,0,1,1,1734495,1734495
Uttar Pradesh,199,Mirzapur,Mirzapur,2019-20,2020-21,263,263,38,39,16,16,0,0,2,2,2496970,2496970
Uttar Pradesh,170,Banda,Banda,2019-20,2020-21,277,277,52,52,4,4,0,0,2,2,1799410,1799410
Odisha,373,Deogarh,Deogarh,2019-20,2020-21,42,42,8,8,4,4,0,0,1,1,312520,312520
Jammu And Kashmir,013,Shopian,Shopian,2019-20,2020-21,57,57,16,16,2,2,0,0,1,1,266215,266215
Bihar,214,Saharsa,Saharsa,2019-20,2020-21,168,171,44,40,0,5,0,1,1,1,1900661,1900661
Uttar Pradesh,154,Sitapur,Sitapur,2019-20,2020-21,471,471,67,66,18,19,0,0,2,2,4483992,4483992
West Bengal,344,Paschim Medinipur,Medinipur West,2019-20,2020-21,639,639,67,68,21,21,2,2,0,0,5913457,5913457
Jharkhand,346,Garhwa,Garhwa,2019-20,2020-21,117,179,11,17,6,11,1,1,1,1,1322784,1322784
Rajasthan,110,Jaipur,Jaipur,2019-20,2020-21,617,621,207,181,34,37,1,1,0,1,6626178,6626178
Tamil Nadu,618,Nagapattinam,Nagapattinam,2019-20,2020-21,258,111,47,21,11,6,11,5,1,0,1616450,1616450
Madhya Pradesh,441,Barwani,Barwani,2019-20,2020-21,330,330,30,30,8,8,2,2,1,1,1385881,1385881
Delhi,098,South,South,2019-20,2020-21,13,0,36,36,0,0,0,0,1,1,2731929,2731929
Madhya Pradesh,418,Sheopur,Sheopur,2019-20,2020-21,107,106,12,13,3,3,0,0,1,1,687861,687861
Haryana,083,Jhajjar,Jhajjar,2019-20,2020-21,134,134,29,29,6,6,2,2,1,1,958405,958405
Mizoram,284,Champhai,Champhai,2019-20,2020-21,59,32,11,5,2,0,0,0,1,1,125745,125745
Karnataka,572,Bangalore Urban,Bengaluru Urban,2019-20,2020-21,279,279,203,203,11,11,5,4,7,0,9621551,9621551
Gujarat,474,Ahmedabad,Ahmadabad,2019-20,2020-21,211,211,118,120,15,16,2,3,0,0,7214225,7214225
Chhattisgarh,412,Dhamtari,Dhamtari,2019-20,2020-21,194,182,27,26,4,4,1,1,1,1,799781,799781
Rajasthan,124,Dungarpur,Dungarpur,2019-20,2020-21,349,347,59,60,15,16,1,1,1,1,1388552,1388552
Bihar,231,Bhojpur,Bhojpur,2019-20,2020-21,300,303,45,45,3,10,1,1,1,1,2728407,2728407
Gujarat,475,Surendrangr,Surendranagar,2019-20,2020-21,349,348,55,56,12,12,2,2,1,1,1756268,1756268
Uttar Pradesh,144,Hathras,Hathras,2019-20,2020-21,194,194,27,27,7,7,0,0,2,2,1564708,1564708
Andhra Pradesh,554,Chittoor,Chittoor,2019-20,2020-21,644,644,120,120,15,15,4,4,1,2,4174064,4174064
Karnataka,576,Kodagu,Kodagu,2019-20,2020-21,196,196,30,30,7,7,2,2,0,1,554519,554519
Andhra Pradesh,550,Nellore,Spsr Nellore,2019-20,2020-21,477,477,88,89,14,14,2,2,1,1,2963557,2963557
Bihar,236,Gaya,Gaya,2019-20,2020-21,474,473,91,86,1,18,2,2,1,1,4391418,4391418
Madhya Pradesh,458,Guna,Guna,2019-20,2020-21,160,161,19,19,5,5,1,1,1,1,1241519,1241519
Punjab,044,Muktsar,Sri Muktsar Sahib,2019-20,2020-21,104,102,21,20,5,5,3,3,1,1,901896,901896
Madhya Pradesh,443,Vidisha,Vidisha,2019-20,2020-21,200,199,27,27,7,7,2,2,1,1,1458875,1458875
Maharashtra,522,Ahmadnagar,Ahmednagar,2019-20,2020-21,558,565,106,106,23,23,3,2,1,1,4543159,4543159
Uttar Pradesh,145,Mathura,Mathura,2019-20,2020-21,205,205,37,34,7,12,0,0,3,3,2547184,2547184
West Bengal,339,Bankura,Bankura,2019-20,2020-21,564,564,73,73,22,22,1,1,1,1,3596674,3596674
Delhi,096,West,West,2019-20,2020-21,34,0,73,73,3,0,1,1,5,5,2543243,2543243
Odisha,393,Balangir,Balangir,2019-20,2020-21,226,226,48,48,15,15,2,2,1,1,1648997,1648997
Odisha,386,Khordha,Khordha,2019-20,2020-21,202,202,74,75,16,16,0,0,2,1,2251673,2251673
Tamil Nadu,629,Kanniyakumari,Kanniyakumari,2019-20,2020-21,267,267,38,38,9,9,8,8,1,1,1870374,1870374
Bihar,239,Jehanabad,Jehanabad,2019-20,2020-21,110,107,38,40,1,6,0,0,1,1,1125313,1125313
Jammu And Kashmir,012,Pulwama,Pulwama,2019-20,2020-21,96,97,47,47,3,3,0,0,1,1,560440,560440
Meghalaya,293,West Garo Hills,West Garo Hills,2019-20,2020-21,64,67,15,15,5,5,0,0,2,2,643291,643291
Uttar Pradesh,141,Gautam Buddha Nagar,Gautam Buddha Nagar,2019-20,2020-21,128,128,37,37,5,5,0,0,2,2,1648115,1648115
Delhi,093,East,East,2019-20,2020-21,15,0,34,33,3,0,0,0,2,2,1709346,1709346
Assam,303,Barpeta,Barpeta,2019-20,2020-21,264,264,48,48,11,11,1,1,1,1,1693622,1693622
Nagaland,267,Tuensang,Tuensang,2019-20,2020-21,38,56,14,14,2,2,0,0,1,1,196596,196596
Rajasthan,102,Churu,Churu,2019-20,2020-21,436,436,102,99,16,16,2,2,1,1,2039547,2039547
Assam,315,Dima Hasao,Dima Hasao,2019-20,2020-21,76,76,12,12,3,3,0,0,1,1,214102,214102
Himachal Pradesh,024,Kangra,Kangra,2019-20,2020-21,441,449,87,85,19,19,18,22,1,1,1510075,1510075
Bihar,215,Darbhanga,Darbhanga,2019-20,2020-21,259,261,71,74,2,10,2,2,0,0,3937385,3937385
Assam,325,Darrang,Darrang,2019-20,2020-21,159,159,33,33,7,7,0,0,1,1,928500,928500
Bihar,220,Vaishali,Vaishali,2019-20,2020-21,337,337,52,52,3,7,1,1,1,1,3495021,3495021
Uttarakhand,066,Nainital,Nainital,2019-20,2020-21,136,136,19,20,8,8,4,4,1,1,954605,954605
Andhra Pradesh,553,Anantapur,Anantapur,2019-20,2020-21,586,586,107,108,15,15,2,2,1,1,4081148,4081148
Odisha,374,Sundargarh,Sundargarh,2019-20,2020-21,390,390,69,69,21,21,1,1,2,2,2093437,2093437
Gujarat,473,Gandhinagar,Gandhinagar,2019-20,2020-21,172,172,36,36,9,9,1,1,0,0,1391753,1391753
Maharashtra,505,Nagpur,Nagpur,2019-20,2020-21,316,316,95,84,12,10,2,2,1,0,4653570,4653570
Uttar Pradesh,151,Pilibhit,Pilibhit,2019-20,2020-21,199,199,28,31,6,6,0,0,2,2,2031007,2031007
Karnataka,579,Gulbarga,Kalaburagi,2019-20,2020-21,337,335,102,102,16,16,6,6,0,0,2566326,2566326
Madhya Pradesh,455,Chhindwada,Chhindwara,2019-20,2020-21,305,334,69,69,11,11,4,4,1,1,2090922,2090922
Jharkhand,348,Kodarma,Koderma,2019-20,2020-21,65,97,8,7,4,6,0,0,1,1,716259,716259
West Bengal,342,Kolkata,Kolkata,2019-20,2020-21,0,0,144,144,0,0,0,0,0,0,4496694,4496694
Madhya Pradesh,453,Dindori,Dindori,2019-20,2020-21,191,190,22,24,7,7,0,0,1,1,704524,704524
Jammu And Kashmir,016,Doda,Doda,2019-20,2020-21,165,163,42,42,3,3,0,0,1,0,409936,409936
Delhi,094,New Delhi,New Delhi,2019-20,2020-21,13,1,74,77,2,0,3,3,5,4,142004,142004
Tripura,290,South Tripura,South Tripura,2019-20,2020-21,148,147,18,18,5,5,2,2,1,1,876001,876001
Himachal Pradesh,033,Shimla,Shimla,2019-20,2020-21,252,245,122,115,17,17,12,12,1,1,814010,814010
Maharashtra,511,Nanded,Nanded,2019-20,2020-21,379,379,80,76,13,13,4,4,2,1,3361292,3361292
Jharkhand,355,Bokaro,Bokaro,2019-20,2020-21,115,115,20,20,8,8,3,3,1,1,2062330,2062330
Uttarakhand,056,Uttar Kashi,Uttar Kashi,2019-20,2020-21,85,82,12,10,3,4,0,0,1,1,330086,330086
Odisha,376,Mayurbhanj,Mayurbhanj,2019-20,2020-21,589,589,88,88,28,28,3,3,1,1,2519738,2519738
Assam,309,Tinsukia,Tinsukia,2019-20,2020-21,166,166,22,22,8,7,0,0,1,1,1327929,1327929
Uttar Pradesh,136,Rampur,Rampur,2019-20,2020-21,211,211,35,35,5,5,0,0,2,2,2335819,2335819
Mizoram,285,Serchhip,Serchhip,2019-20,2020-21,27,24,5,4,1,0,0,0,1,1,64937,64937
Tamil Nadu,627,Toothukudi,Tuticorin,2019-20,2020-21,253,253,48,48,12,12,7,8,1,1,1750176,1750176
Chhattisgarh,400,Koriya,Korea,2019-20,2020-21,197,196,29,31,6,5,0,0,1,1,658917,658917
Haryana,089,Palwal,Palwal,2019-20,2020-21,95,95,18,18,7,7,0,0,1,1,1042708,1042708
Assam,316,Cachar,Cachar,2019-20,2020-21,270,269,31,32,7,7,0,0,1,1,1736617,1736617
Madhya Pradesh,462,Sidhi,Sidhi,2019-20,2020-21,196,194,28,28,6,6,0,0,1,1,1127033,1127033
Himachal Pradesh,030,Bilaspur,Bilaspur,2019-20,2020-21,120,123,38,38,6,8,4,3,1,1,381956,381956
Madhya Pradesh,459,Ashok Nagar,Ashoknagar,2019-20,2020-21,132,133,11,11,2,2,2,2,1,1,845071,845071
Maharashtra,525,Osmanabad,Osmanabad,2019-20,2020-21,211,211,44,46,6,6,3,4,2,1,1657576,1657576
Madhya Pradesh,419,Morena,Morena,2019-20,2020-21,237,236,27,25,7,6,3,4,1,1,1965970,1965970
Maharashtra,510,Yavatmal,Yavatmal,2019-20,2020-21,444,444,69,69,14,14,3,3,0,0,2772348,2772348
Uttar Pradesh,150,Bareilly,Bareilly,2019-20,2020-21,411,411,81,71,6,16,0,0,2,2,4448359,4448359
Uttar Pradesh,148,Mainpuri,Mainpuri,2019-20,2020-21,206,206,46,46,10,10,0,0,2,2,1868529,1868529
Goa,586,South Goa,South Goa,2019-20,2020-21,105,105,29,15,2,2,2,2,1,1,640537,640537
Maharashtra,502,Washim,Washim,2019-20,2020-21,153,150,26,27,7,6,0,1,1,1,1197160,1197160
Nagaland,271,Peren,Peren,2019-20,2020-21,16,18,8,8,1,1,0,0,1,1,95219,95219
Madhya Pradesh,426,Panna,Panna,2019-20,2020-21,155,156,17,17,6,6,0,0,1,1,1016520,1016520
Odisha,381,Cuttack,Cuttack,2019-20,2020-21,332,332,73,73,22,22,2,2,1,0,2624470,2624470
Tamil Nadu,630,Dharmapuri,Dharmapuri,2019-20,2020-21,218,218,43,43,8,8,3,3,1,1,1506843,1506843
Assam,323,Nalbari,Nalbari,2019-20,2020-21,122,124,44,44,11,11,0,0,1,1,771639,771639
Rajasthan,111,Sikar,Sikar,2019-20,2020-21,638,647,113,113,30,32,2,2,1,1,2677333,2677333
Madhya Pradesh,427,Sagar,Sagar,2019-20,2020-21,266,263,41,41,11,10,3,3,1,1,2378458,2378458
Maharashtra,498,Dhule,Dhule,2019-20,2020-21,232,232,49,47,5,5,2,2,0,1,2050862,2050862
Madhya Pradesh,429,Satna,Satna,2019-20,2020-21,309,310,50,54,9,9,2,2,1,1,2228935,2228935
Gujarat,480,Amreli,Amreli,2019-20,2020-21,248,248,44,44,12,12,3,3,1,0,1514190,1514190
Tamil Nadu,621,Pudukkottai,Pudukkottai,2019-20,2020-21,242,242,62,63,13,13,9,12,1,1,1618345,1618345
Haryana,087,Mewat,Nuh,2019-20,2020-21,94,94,17,16,3,4,0,0,1,1,1089263,1089263
Madhya Pradesh,456,Seoni,Seoni,2019-20,2020-21,283,280,32,37,5,5,3,3,1,1,1379131,1379131
Uttar Pradesh,200,Sonbhadra,Sonbhadra,2019-20,2020-21,173,173,31,31,7,7,0,0,2,2,1862559,1862559
Uttar Pradesh,191,Azamgarh,Azamgarh,2019-20,2020-21,493,493,77,75,19,19,0,0,4,4,4613913,4613913
Chandigarh,055,Chandigarh,Chandigarh,2019-20,2020-21,0,0,48,43,2,2,1,1,2,1,1055450,1055450
Rajasthan,120,Tonk,Tonk,2019-20,2020-21,290,294,65,61,11,12,0,0,1,1,1421326,1421326
Rajasthan,105,Bharatpur,Bharatpur,2019-20,2020-21,395,396,75,73,17,22,0,1,1,1,2548462,2548462
Uttar Pradesh,156,Unnav,Unnao,2019-20,2020-21,357,357,54,48,7,13,0,0,2,2,3108367,3108367
Odisha,380,Jagatsinghpur,Jagatsinghapur,2019-20,2020-21,189,189,35,35,11,11,0,0,1,1,1136971,1136971
Uttar Pradesh,183,Gonda,Gonda,2019-20,2020-21,322,322,52,52,16,16,0,0,2,2,3433919,3433919
Mizoram,286,Lunglei,Lunglei,2019-20,2020-21,68,57,11,8,1,0,1,1,1,1,161428,161428
Punjab,045,Faridkot,Faridkot,2019-20,2020-21,62,62,11,11,3,3,1,1,1,1,617508,617508
Odisha,391,Baudh,Boudh,2019-20,2020-21,67,67,12,12,5,5,0,0,1,1,441162,441162
Arunachal Pradesh,257,Dibang Valley,Dibang Valley,2019-20,2020-21,5,5,1,1,0,0,0,0,1,1,8004,8004
Chhattisgarh,401,Surguja,Surguja,2019-20,2020-21,208,204,27,28,7,6,1,0,0,0,2359886,2359886
Haryana,080,Hisar,Hisar,2019-20,2020-21,198,198,31,31,10,10,2,2,1,1,1743931,1743931
Bihar,237,Nawada,Nawada,2019-20,2020-21,173,174,52,52,1,10,1,1,1,1,2219146,2219146
Telangana,541,Khammam,Khammam,2019-20,2020-21,226,226,30,30,3,3,0,0,1,1,2797370,2797370
Bihar,233,Kaimur,Kaimur (Bhabua),2019-20,2020-21,178,175,30,31,2,5,1,1,1,1,1626384,1626384
West Bengal,336,Nadia,Nadia,2019-20,2020-21,469,469,64,64,17,17,5,5,1,1,5167600,5167600
Madhya Pradesh,434,Ratlam,Ratlam,2019-20,2020-21,197,195,30,34,6,6,2,2,1,1,1455069,1455069
Uttar Pradesh,202,Kashi Ram Nagar,Kasganj,2019-20,2020-21,170,170,31,31,7,7,0,0,1,1,1436719,1436719
Assam,300,Kokrajhar,Kokrajhar,2019-20,2020-21,162,161,46,46,2,2,1,1,1,1,887142,887142
Uttar Pradesh,174,Kaushambi,Kaushambi,2019-20,2020-21,175,175,36,34,5,5,0,0,1,1,1599596,1599596
Punjab,047,Mansa,Mansa,2019-20,2020-21,105,103,13,15,4,4,2,2,1,1,769751,769751
Telangana,534,Karimnagar,Karimnagar,2019-20,2020-21,139,139,26,27,3,2,1,1,1,1,3776269,3776269
Madhya Pradesh,463,Singroli,Singrauli,2019-20,2020-21,206,206,15,16,7,7,0,0,1,1,1178273,1178273
Tripura,292,North Tripura,North Tripura,2019-20,2020-21,94,99,14,15,3,3,1,1,1,1,693947,693947
Uttar Pradesh,175,Allahabad,Prayagraj,2019-20,2020-21,562,562,84,86,19,20,0,0,6,5,5954391,5954391
Bihar,206,Sitamarhi,Sitamarhi,2019-20,2020-21,208,208,57,55,1,12,0,1,1,1,3423574,3423574
Manipur,272,Senapati,Senapati,2019-20,2020-21,67,33,14,8,2,1,0,0,1,1,479148,479148
Uttar Pradesh,185,Basti,Basti,2019-20,2020-21,273,273,39,41,14,14,0,0,3,3,2464464,2464464
Jharkhand,362,Dumka,Dumka,2019-20,2020-21,248,248,35,35,10,10,0,0,1,0,1321442,1321442
Gujarat,491,Valsad,Valsad,2019-20,2020-21,363,363,58,58,10,10,2,2,0,0,1705678,1705678
Maharashtra,531,Sangli,Sangli,2019-20,2020-21,320,320,71,70,15,15,2,2,0,0,2822143,2822143
Chhattisgarh,406,Bilaspur,Bilaspur,2019-20,2020-21,274,230,59,44,8,5,1,0,1,1,2663629,2663629
Himachal Pradesh,025,Lahul Spiti,Lahul And Spiti,2019-20,2020-21,36,36,17,16,3,3,0,0,1,1,31564,31564
The Dadra And Nagar Haveli And Daman And Diu,496,Dadra and Nagar Haveli,Dadra and Nagar Haveli,2019-20,2020-21,71,71,9,10,2,2,1,1,1,0,343709,343709
Karnataka,566,Chitradurga,Chitradurga,2019-20,2020-21,343,343,86,86,11,11,5,5,1,1,1659456,1659456
Tamil Nadu,617,Cuddalore,Cuddalore,2019-20,2020-21,319,319,58,58,13,13,9,9,1,1,2605914,2605914
Madhya Pradesh,454,Mandla,Mandla,2019-20,2020-21,274,272,34,34,8,8,1,1,1,1,1054905,1054905
Rajasthan,115,Barmer,Barmer,2019-20,2020-21,721,729,104,105,24,26,1,1,1,1,2603751,2603751
Odisha,378,Bhadrak,Bhadrak,2019-20,2020-21,178,178,54,54,7,7,0,0,1,1,1506337,1506337
Uttarakhand,059,Tehri Garhwal,Tehri Garhwal,2019-20,2020-21,212,208,28,28,11,11,1,1,1,1,618931,618931
Jammu And Kashmir,021,Jammu,Jammu,2019-20,2020-21,161,162,102,101,8,9,0,0,2,2,1529958,1529958
Uttar Pradesh,162,Auraiya,Auraiya,2019-20,2020-21,165,165,26,26,7,7,0,0,2,2,1379545,1379545
Uttar Pradesh,172,Fatehpur,Fatehpur,2019-20,2020-21,321,321,47,47,11,11,0,0,2,2,2632733,2632733
Puducherry,634,Yanam,Yanam,2019-20,2020-21,4,4,0,0,0,0,0,0,1,1,55626,55626
Assam,318,Hailakandi,Hailakandi,2019-20,2020-21,107,107,13,13,1,4,0,0,1,1,659296,659296
Bihar,218,Siwan,Siwan,2019-20,2020-21,379,380,68,68,3,14,1,1,1,1,3330464,3330464
Kerala,593,Palakkad,Palakkad,2019-20,2020-21,503,502,81,81,19,19,6,6,3,3,2809934,2809934
Haryana,069,Panchkula,Panchkula,2019-20,2020-21,46,46,9,9,3,3,0,0,1,1,561293,561293
Rajasthan,122,Bhilwara,Bhilwara,2019-20,2020-21,534,524,86,82,25,27,0,1,1,0,2408523,2408523
Haryana,070,Ambala,Ambala,2019-20,2020-21,106,106,22,22,4,4,2,2,1,1,1128350,1128350
Telangana,532,Adilabad,Adilabad,2019-20,2020-21,126,126,27,27,2,2,0,0,0,0,2741239,2741239
Uttar Pradesh,176,Barabanki,Barabanki,2019-20,2020-21,350,350,56,57,19,19,0,0,3,3,3260699,3260699
Kerala,598,Alappuzha,Alappuzha,2019-20,2020-21,366,366,63,65,16,16,6,6,4,4,2127789,2127789
Karnataka,569,Udupi,Udupi,2019-20,2020-21,336,336,62,62,6,6,2,2,1,1,1177361,1177361
Uttar Pradesh,168,Hamirpur,Hamirpur,2019-20,2020-21,214,214,40,41,4,4,0,0,2,2,1104285,1104285
Arunachal Pradesh,249,Upper Subansiri,Upper Subansiri,2019-20,2020-21,31,20,8,5,5,4,0,0,1,1,83448,83448
Karnataka,561,Gadag,Gadag,2019-20,2020-21,191,190,42,42,2,2,4,4,1,2,1064570,1064570
Karnataka,563,Uttara Kannada,Uttar Kannad,2019-20,2020-21,344,344,85,85,3,3,10,10,0,1,1437169,1437169
Bihar,205,Sheohar,Sheohar,2019-20,2020-21,96,91,14,17,0,1,0,0,1,1,656246,656246
Tamil Nadu,616,Ariyalur,Ariyalur,2019-20,2020-21,117,117,32,33,6,6,3,3,1,0,754894,754894
Madhya Pradesh,444,Bhopal,Bhopal,2019-20,2020-21,66,65,52,53,2,2,3,3,1,1,2371061,2371061
Karnataka,567,Davanagere,Davangere,2019-20,2020-21,324,268,108,90,6,4,5,4,2,0,1945497,1945497
Uttar Pradesh,171,Chitrakoot,Chitrakoot,2019-20,2020-21,134,134,28,28,6,6,0,0,1,1,991730,991730
West Bengal,333,Murshidabad,Murshidabad,2019-20,2020-21,832,832,83,83,27,27,4,4,0,0,7103807,7103807
Himachal Pradesh,026,Kullu,Kullu,2019-20,2020-21,103,99,27,23,4,5,5,4,1,1,437903,437903
Andhra Pradesh,547,Krishna,Krishna,2019-20,2020-21,593,593,124,125,12,12,2,2,1,1,4517398,4517398
Assam,301,Dhubri,Dhubri,2019-20,2020-21,231,187,43,34,8,7,2,1,1,1,1949258,1949258
Madhya Pradesh,438,Dhar,Dhar,2019-20,2020-21,475,473,52,52,15,11,1,4,1,1,2185793,2185793
Arunachal Pradesh,254,Tirap,Tirap,2019-20,2020-21,9,9,7,7,1,1,0,0,1,1,111975,111975
Maharashtra,528,Ratnagiri,Ratnagiri,2019-20,2020-21,378,378,68,70,8,8,3,3,1,1,1615069,1615069
Jharkhand,367,Simdega,Simdega,2019-20,2020-21,155,192,8,13,6,6,0,0,1,1,599578,599578
Bihar,213,Madhepura,Madhepura,2019-20,2020-21,272,272,37,42,0,8,1,1,1,1,2001762,2001762
Bihar,232,Buxar,Buxar,2019-20,2020-21,149,160,39,40,0,4,1,1,1,1,1706352,1706352
Jammu And Kashmir,002,Budgam,Budgam,2019-20,2020-21,136,136,70,70,9,9,0,0,1,1,753745,753745
Uttar Pradesh,160,Kannauj,Kannauj,2019-20,2020-21,191,191,34,35,11,11,0,0,2,2,1656616,1656616
Arunachal Pradesh,253,Changlang,Changlang,2019-20,2020-21,18,24,5,7,5,5,0,0,1,1,148226,148226
Tamil Nadu,619,Thiruvarur,Thiruvarur,2019-20,2020-21,195,195,40,40,10,10,9,7,1,1,1264277,1264277
Chhattisgarh,411,Mahasamund,Mahasamund,2019-20,2020-21,227,227,31,31,5,5,0,0,1,1,1032754,1032754
Assam,319,Bongaigaon,Bongaigaon,2019-20,2020-21,108,108,29,29,4,4,0,0,1,1,738804,738804
Uttar Pradesh,165,Jalaun,Jalaun,2019-20,2020-21,286,286,41,41,7,7,0,0,2,2,1689974,1689974
Uttar Pradesh,194,Jaunpur,Jaunpur,2019-20,2020-21,507,507,83,83,22,22,0,0,2,2,4494204,4494204
Karnataka,570,Chikmagalur,Chikkamagaluru,2019-20,2020-21,368,367,91,91,5,5,6,6,1,1,1137961,1137961
Manipur,275,Bishnupur,Bishnupur,2019-20,2020-21,33,33,7,7,2,2,0,0,1,1,237399,237399
Manipur,280,Chandel,Chandel,2019-20,2020-21,25,15,5,2,1,1,1,0,1,1,144182,144182
Karnataka,571,Tumkur,Tumakuru,2019-20,2020-21,569,572,150,150,4,4,9,10,1,1,2678980,2678980
Uttar Pradesh,179,Sultanpur,Sultanpur,2019-20,2020-21,244,244,42,45,13,14,0,0,2,2,3797117,3797117
Madhya Pradesh,446,Raisen,Raisen,2019-20,2020-21,187,185,21,24,7,6,3,5,1,1,1331597,1331597
Jammu And Kashmir,011,Ganderbal,Ganderbal,2019-20,2020-21,60,60,30,30,1,1,0,0,1,1,297446,297446
Puducherry,636,Mahe,Mahe,2019-20,2020-21,4,4,1,1,1,1,0,0,1,1,41816,41816
Andaman And Nicobar Islands,640,South Andman,South Andamans,2019-20,2020-21,39,39,15,15,1,1,0,0,1,1,238142,238142
Rajasthan,100,Hanumangarh,Hanumangarh,2019-20,2020-21,361,360,59,60,16,16,0,0,1,1,1774692,1774692
Uttarakhand,063,Bageshwar,Bageshwar,2019-20,2020-21,89,87,15,13,3,3,0,0,1,1,259898,259898
Tamil Nadu,602,Thiruvallur,Thiruvallur,2019-20,2020-21,303,303,54,54,14,14,8,11,1,0,3728104,3728104
Nagaland,264,Wokha,Wokha,2019-20,2020-21,42,40,13,13,2,2,0,0,1,1,166343,166343
Uttar Pradesh,142,Bulandshahar,Bulandshahar,2019-20,2020-21,344,344,71,71,10,10,0,0,4,4,3499171,3499171
Kerala,600,Kollam,Kollam,2019-20,2020-21,421,421,62,62,17,16,8,9,2,2,2635375,2635375
Odisha,399,Malkangiri,Malkangiri,2019-20,2020-21,158,158,27,27,6,6,2,2,1,1,613192,613192
Bihar,225,Banka,Banka,2019-20,2020-21,251,251,42,40,3,7,0,0,1,1,2034763,2034763
Punjab,049,Amritsar,Amritsar,2019-20,2020-21,194,179,49,44,7,8,2,2,1,1,2490656,2490656
Uttar Pradesh,177,Faizabad,Ayodhya,2019-20,2020-21,255,255,40,34,5,12,0,0,4,4,2470996,2470996
Rajasthan,103,Jhunjhunu,Jhunjhunu,2019-20,2020-21,592,598,116,115,26,27,0,1,1,1,2137045,2137045
Andhra Pradesh,544,Vishakapatnam,Visakhapatanam,2019-20,2020-21,583,583,113,114,12,12,3,3,1,1,4290589,4290589
Uttar Pradesh,180,Bahraich,Bahraich,2019-20,2020-21,320,320,56,56,14,14,0,0,2,2,3487731,3487731
Punjab,046,Bathinda,Bathinda,2019-20,2020-21,143,136,24,24,9,9,3,3,1,1,1388525,1388525
Uttar Pradesh,188,Gorakhpur,Gorakhpur,2019-20,2020-21,529,529,91,85,9,15,0,0,2,2,4440895,4440895
Uttar Pradesh,140,Ghaziabad,Ghaziabad,2019-20,2020-21,146,146,66,66,4,4,0,0,3,3,4681645,4681645
Delhi,090,North West,North West,2019-20,2020-21,27,1,64,64,2,0,1,1,4,5,3656539,3656539
Tamil Nadu,625,Virudhunagar,Virudhunagar,2019-20,2020-21,245,245,47,47,11,11,10,10,1,0,1942288,1942288
Madhya Pradesh,467,Burhanpur,Burhanpur,2019-20,2020-21,98,98,15,16,4,4,0,0,1,1,757847,757847
Telangana,538,Mahabubnagar,Mahabubnagar,2019-20,2020-21,130,129,17,20,2,2,0,0,0,0,4053028,4053028
Rajasthan,129,Jhalawar,Jhalawar,2019-20,2020-21,323,323,48,44,14,14,0,1,0,0,1411129,1411129
Gujarat,476,Rajkot,Rajkot,2019-20,2020-21,347,347,83,82,12,12,4,5,1,1,3804558,3804558
Tamil Nadu,606,Tiruvanamalai,Tiruvannamalai,2019-20,2020-21,410,410,81,81,18,18,9,9,1,1,2464875,2464875
Andhra Pradesh,543,Vizianagaram,Vizianagaram,2019-20,2020-21,431,431,76,76,11,11,1,1,1,1,2344474,2344474
Jharkhand,366,Gumla,Gumla,2019-20,2020-21,243,140,2,16,10,8,0,0,1,1,1025213,1025213
Delhi,095,Central,Central,2019-20,2020-21,14,1,72,76,2,0,4,4,6,6,582320,582320
Assam,302,Goalpara,Goalpara,2019-20,2020-21,155,155,37,37,6,7,0,0,1,1,1008183,1008183
Bihar,207,Madhubani,Madhubani,2019-20,2020-21,439,429,96,97,1,15,1,3,1,1,4487379,4487379
Maharashtra,503,Amravati,Amravati,2019-20,2020-21,334,339,74,75,10,10,4,4,3,1,2888445,2888445
Jharkhand,368,Pashchimi Singhbhum,West Singhbhum,2019-20,2020-21,343,155,16,7,13,6,1,1,1,1,1502338,1502338
Uttar Pradesh,152,Shahjahanpur,Shahjahanpur,2019-20,2020-21,298,298,46,47,17,17,0,0,2,2,3006538,3006538
Tamil Nadu,614,Tiruchirappalli,Tiruchirappalli,2019-20,2020-21,307,307,70,70,14,14,16,9,1,1,2722290,2722290
Chhattisgarh,404,Korba,Korba,2019-20,2020-21,289,285,40,39,7,6,0,0,1,1,1206640,1206640
Haryana,077,Jind,Jind,2019-20,2020-21,164,170,23,27,8,7,1,3,1,1,1334152,1334152
Karnataka,564,Haveri,Haveri,2019-20,2020-21,311,310,72,72,5,5,6,6,1,1,1597668,1597668
West Bengal,327,Darjeeling,Darjeeling,2019-20,2020-21,181,181,28,28,9,9,1,1,2,2,1846823,1846823
Haryana,078,Fatehabad,Fatehabad,2019-20,2020-21,131,131,22,21,5,5,1,1,1,1,942011,942011
Goa,585,North Goa,North Goa,2019-20,2020-21,113,114,30,12,4,4,0,0,1,1,818008,818008
Tamil Nadu,603,Chennai,Chennai,2019-20,2020-21,0,0,144,144,15,15,3,4,1,0,4646732,4646732
Ladakh,003,Leh Ladakh,Leh Ladakh,2019-20,2020-21,121,139,16,16,3,3,0,0,1,1,133487,133487
Bihar,235,Aurangabad,Aurangabad,2019-20,2020-21,248,254,72,72,3,8,1,1,1,1,2540073,2540073
Gujarat,471,Mahesana,Mahesana,2019-20,2020-21,295,295,63,63,13,13,3,3,1,1,2035064,2035064
Madhya Pradesh,461,Anuppur,Anuppur,2019-20,2020-21,169,164,18,22,8,8,0,0,1,1,749237,749237
Uttar Pradesh,201,Etah,Etah,2019-20,2020-21,191,191,34,34,4,4,0,0,2,2,1774480,1774480
Mizoram,288,Saiha,Saiha,2019-20,2020-21,24,27,4,5,0,1,0,0,1,1,56574,56574
Haryana,088,Faridabad,Faridabad,2019-20,2020-21,61,61,25,25,8,8,2,1,1,1,1809733,1809733
Uttarakhand,057,Chamoli,Chamoli,2019-20,2020-21,112,111,21,12,3,5,1,1,1,1,391605,391605
Uttar Pradesh,147,Firozabad,Firozabad,2019-20,2020-21,220,220,19,71,3,5,0,0,3,3,2498156,2498156
Jharkhand,364,Ranchi,Ranchi,2019-20,2020-21,324,54,34,8,13,4,1,1,1,1,2914253,2914253
Rajasthan,118,Pali,Pali,2019-20,2020-21,476,475,89,87,23,25,1,1,1,1,2037573,2037573
Uttar Pradesh,181,Shrawasti,Shravasti,2019-20,2020-21,125,125,12,12,6,6,0,0,1,1,1117361,1117361
Bihar,221,Samastipur,Samastipur,2019-20,2020-21,358,362,70,74,1,12,3,4,1,1,4261566,4261566
Andhra Pradesh,551,Cuddapah,Y.S.R.,2019-20,2020-21,448,448,89,91,12,12,1,1,1,1,2882469,2882469
Haryana,085,Rewari,Rewari,2019-20,2020-21,113,114,16,16,5,5,1,1,1,1,900332,900332
Uttar Pradesh,159,Farrukhabad,Farrukhabad,2019-20,2020-21,192,192,31,31,8,8,0,0,3,3,1885204,1885204
Assam,305,Nagaon,Nagaon,2019-20,2020-21,352,258,78,72,18,13,0,0,1,1,2823768,2823768
Madhya Pradesh,448,Harda,Harda,2019-20,2020-21,79,80,7,7,4,4,0,0,1,1,570465,570465
Meghalaya,296,West Khasi Hills,West Khasi Hills,2019-20,2020-21,45,47,16,16,2,2,0,0,2,2,383461,383461
Chhattisgarh,414,Bastar,Bastar,2019-20,2020-21,253,243,41,39,8,7,1,1,1,1,1413199,1413199
Jammu And Kashmir,019,Udhampur,Udhampur,2019-20,2020-21,146,146,49,49,2,2,0,0,1,1,554985,554985
Maharashtra,509,Chandrapur,Chandrapur,2019-20,2020-21,339,339,67,67,10,10,3,3,0,0,2204307,2204307
Manipur,276,Thoubal,Thoubal,2019-20,2020-21,50,37,16,10,5,3,0,0,1,1,422168,422168
Bihar,217,Gopalganj,Gopalganj,2019-20,2020-21,189,185,37,36,3,10,1,1,1,1,2562012,2562012
Gujarat,487,Narmada,Narmada,2019-20,2020-21,174,174,28,28,3,3,1,2,1,1,590297,590297
Punjab,048,Patiala,Patiala,2019-20,2020-21,205,185,41,40,11,10,3,3,1,1,1895686,1895686
Jharkhand,359,Latehar,Latehar,2019-20,2020-21,97,74,7,7,6,4,0,0,1,1,726978,726978
Nagaland,266,Phek,Phek,2019-20,2020-21,46,48,23,23,3,3,0,0,1,1,163418,163418
Andaman And Nicobar Islands,638,Nicobar,Nicobars,2019-20,2020-21,40,41,4,4,1,1,0,0,1,1,36842,36842
Tripura,291,Dhalai,Dhalai,2019-20,2020-21,121,121,16,16,2,2,3,3,1,1,378230,378230
Madhya Pradesh,460,Shahdol,Shahdol,2019-20,2020-21,233,229,30,32,7,7,1,1,1,1,1066063,1066063
Uttar Pradesh,186,Sant Kabir Nagar,Sant Kabir Nagar,2019-20,2020-21,185,185,23,23,4,4,0,0,1,1,1715183,1715183
Maharashtra,512,Hingoli,Hingoli,2019-20,2020-21,132,132,27,27,3,3,2,2,2,1,1177345,1177345
Karnataka,582,Chikkaballapur,Chikballapur,2019-20,2020-21,203,203,61,61,2,2,5,5,1,1,1255104,1255104
Madhya Pradesh,450,Katni,Katni,2019-20,2020-21,163,162,20,24,6,6,1,1,1,1,1292042,1292042
Gujarat,484,Panchmahal,Panch Mahals,2019-20,2020-21,300,300,54,54,13,12,0,1,1,1,2390776,2390776
Odisha,372,Sambalpur,Sambalpur,2019-20,2020-21,167,167,36,36,11,11,2,2,1,0,1041099,1041099
Uttar Pradesh,173,Pratapgarh,Pratapgarh,2019-20,2020-21,355,355,60,60,19,21,0,0,2,2,3209141,3209141
Kerala,596,Idukki,Idukki,2019-20,2020-21,309,309,41,41,13,13,4,4,2,2,1108974,1108974
Bihar,210,Kishanganj,Kishanganj,2019-20,2020-21,155,156,19,19,1,4,0,0,1,1,1690400,1690400
Uttar Pradesh,153,Lakhimpur Kheri,Kheri,2019-20,2020-21,386,386,60,59,14,15,0,0,2,2,4021243,4021243
Bihar,219,Saran,Saran,2019-20,2020-21,396,391,63,57,3,14,1,1,1,1,3951862,3951862
Tamil Nadu,612,Dindigul,Dindigul,2019-20,2020-21,311,311,59,59,14,14,12,12,1,0,2159775,2159775
Maharashtra,504,Wardha,Wardha,2019-20,2020-21,181,181,32,32,7,8,2,2,1,1,1300774,1300774
Tamil Nadu,608,Salem,Salem,2019-20,2020-21,398,398,87,87,20,20,16,11,1,1,3482056,3482056
West Bengal,340,Purulia,Purulia,2019-20,2020-21,485,485,55,55,20,20,1,1,0,0,2930115,2930115
Puducherry,637,Karaikal,Karaikal,2019-20,2020-21,17,17,11,11,1,1,1,1,1,1,200222,200222
Arunachal Pradesh,245,Tawang,Tawang,2019-20,2020-21,10,12,6,6,2,2,0,0,1,1,49977,49977
Uttar Pradesh,169,Mahoba,Mahoba,2019-20,2020-21,150,150,17,16,4,5,0,0,2,2,875958,875958
Punjab,042,Moga,Moga,2019-20,2020-21,123,122,23,23,6,6,0,0,1,1,995746,995746
Telangana,536,Hyderabad,Hyderabad,2019-20,2020-21,53,152,91,85,10,9,3,3,1,1,3943323,3943323
Rajasthan,125,Banswara,Banswara,2019-20,2020-21,453,455,59,58,22,22,0,0,1,1,1797485,1797485
West Bengal,330,Uttar Dinajpur,Dinajpur Uttar,2019-20,2020-21,344,344,24,24,9,9,2,2,0,0,3007134,3007134
Madhya Pradesh,420,Bhind,Bhind,2019-20,2020-21,210,207,28,28,7,6,1,2,1,1,1703005,1703005
Punjab,052,SAS Nagar,S.A.S Nagar,2019-20,2020-21,77,76,19,19,7,5,2,2,1,1,994628,994628
Uttar Pradesh,149,Budaun,Budaun,2019-20,2020-21,291,291,56,55,9,10,0,0,2,2,3681896,3681896
Manipur,277,Imphal West,Imphal West,2019-20,2020-21,53,52,12,12,2,2,0,0,0,0,517992,517992
Bihar,209,Araria,Araria,2019-20,2020-21,221,242,44,46,2,7,1,1,1,1,2811569,2811569
Arunachal Pradesh,255,Lower Subansiri,Lower Subansiri,2019-20,2020-21,35,22,7,5,3,2,0,0,1,1,83030,83030
Haryana,071,Yamunanagar,Yamunanagar,2019-20,2020-21,113,113,19,19,6,7,1,1,1,1,1214205,1214205
Rajasthan,116,Jalore,Jalore,2019-20,2020-21,407,409,72,69,11,12,0,0,1,1,1828730,1828730
Meghalaya,294,East Garo Hills,East Garo Hills,2019-20,2020-21,31,31,8,8,1,1,0,0,1,1,317917,317917
Nagaland,268,Longleng,Longleng,2019-20,2020-21,10,10,3,3,0,0,0,0,1,1,50484,50484
Tamil Nadu,622,Sivaganga,Sivaganga,2019-20,2020-21,275,275,40,40,12,12,13,16,1,1,1339101,1339101
Odisha,398,Koraput,Koraput,2019-20,2020-21,307,307,51,51,16,16,0,0,1,0,1379647,1379647
Himachal Pradesh,023,Chamba,Chamba,2019-20,2020-21,177,177,45,44,4,5,7,6,0,0,519080,519080
Telangana,537,Rangareddy,Ranga Reddy,2019-20,2020-21,252,269,56,48,7,7,2,2,0,0,5296741,5296741
Uttar Pradesh,164,Kanpur Nagar,Kanpur Nagar,2019-20,2020-21,390,390,90,92,10,10,0,0,5,5,4581268,4581268
Karnataka,581,Kolar,Kolar,2019-20,2020-21,266,266,68,68,2,2,5,5,1,0,1536401,1536401
Assam,324,Baksa,Baksa,2019-20,2020-21,157,157,35,35,8,8,0,0,1,1,950075,950075
Manipur,279,Ukhrul,Ukhrul,2019-20,2020-21,39,18,8,6,1,0,0,0,1,1,183998,183998
Uttar Pradesh,198,Sant Ravidas Nagar,Bhadohi,2019-20,2020-21,161,161,17,17,6,6,0,0,2,2,1578213,1578213
Madhya Pradesh,423,Shivpuri,Shivpuri,2019-20,2020-21,263,254,15,18,9,9,0,0,1,1,1726050,1726050
Haryana,086,Gurugram,Gurugram,2019-20,2020-21,80,80,29,29,3,3,2,2,1,1,1514432,1514432
Kerala,595,Ernakulam,Ernakulam,2019-20,2020-21,410,410,90,90,23,23,11,11,4,4,3282388,3282388
Arunachal Pradesh,250,West Siang,West Siang,2019-20,2020-21,19,12,12,6,4,2,0,0,2,1,112274,112274
Ladakh,004,Kargil,Kargil,2019-20,2020-21,117,150,16,16,4,4,0,0,1,1,140802,140802
Bihar,227,Lakhisarai,Lakhisarai,2019-20,2020-21,102,102,21,18,1,3,0,0,1,1,1000912,1000912
Chhattisgarh,416,Dantewada,Dantewada,2019-20,2020-21,76,76,13,13,4,4,0,0,1,1,533638,533638
Tripura,289,West Tripura,West Tripura,2019-20,2020-21,172,171,18,20,3,3,0,0,1,1,1725739,1725739
Rajasthan,123,Rajsamand,Rajsamand,2019-20,2020-21,259,262,47,46,12,14,1,1,1,1,1156597,1156597
Meghalaya,295,South Garo Hills,South Garo Hills,2019-20,2020-21,21,21,7,7,1,1,0,0,1,1,142334,142334
Telangana,535,Medak,Medak,2019-20,2020-21,156,156,18,19,2,3,2,2,0,0,3033288,3033288
Jharkhand,352,Sahibganj,Sahebganj,2019-20,2020-21,136,324,12,34,8,14,1,1,1,1,1150567,1150567
Odisha,388,Ganjam,Ganjam,2019-20,2020-21,460,460,101,101,28,28,4,4,1,0,3529031,3529031
Odisha,385,Nayagarh,Nayagarh,2019-20,2020-21,166,166,38,38,12,12,1,1,1,1,962789,962789
Jammu And Kashmir,015,Kulgam,Kulgam,2019-20,2020-21,118,118,45,45,3,3,0,0,1,1,424483,424483
Odisha,371,Jharsuguda,Jharsuguda,2019-20,2020-21,66,66,20,20,6,6,0,0,1,1,579505,579505
Rajasthan,104,Alwar,Alwar,2019-20,2020-21,684,699,133,130,37,40,0,1,1,1,3674179,3674179
Assam,307,Lakhimpur,Lakhimpur,2019-20,2020-21,157,149,29,29,8,8,1,1,1,1,1042137,1042137
Assam,304,Marigaon,Marigaon,2019-20,2020-21,122,122,34,34,6,6,0,0,1,1,957423,957423
West Bengal,341,Howrah,Howrah,2019-20,2020-21,448,448,74,74,15,15,7,7,1,1,4850029,4850029
Uttar Pradesh,190,Deoria,Deoria,2019-20,2020-21,320,320,77,76,16,16,0,0,2,2,3100946,3100946
Karnataka,568,Shimoga,Shivamogga,2019-20,2020-21,356,357,106,108,7,7,7,7,0,1,1752753,1752753
Manipur,278,Imphal East,Imphal East,2019-20,2020-21,50,43,14,14,2,1,0,0,0,0,456113,456113
Kerala,599,Pathanamthitta,Pathanamthitta,2019-20,2020-21,261,261,44,45,12,12,4,4,3,3,1197412,1197412
Jharkhand,350,Deoghar,Deoghar,2019-20,2020-21,180,180,8,8,7,7,1,1,1,1,1492073,1492073
Kerala,592,Malappuram,Malappuram,2019-20,2020-21,589,578,96,97,21,21,7,7,5,4,4112920,4112920
Odisha,390,Kandhamal,Kandhamal,2019-20,2020-21,172,172,40,40,14,14,1,1,1,1,733110,733110
West Bengal,345,Purba Medinipur,Medinipur East,2019-20,2020-21,706,706,59,59,24,24,4,4,2,2,5095875,5095875
Odisha,394,Nuapada,Nuapada,2019-20,2020-21,95,95,17,17,5,5,1,1,1,1,610382,610382
Karnataka,583,Bangalore Rural,Bengaluru Rural,2019-20,2020-21,199,199,50,50,2,2,4,4,0,0,990923,990923
Punjab,038,Hoshiarpur,Hoshiarpur,2019-20,2020-21,250,244,33,33,12,12,3,3,1,1,1586625,1586625
Haryana,074,Karnal,Karnal,2019-20,2020-21,147,146,25,25,6,6,1,1,1,1,1505324,1505324
Bihar,224,Bhagalpur,Bhagalpur,2019-20,2020-21,330,362,74,77,3,10,2,2,1,1,3037766,3037766
Himachal Pradesh,031,Solan,Solan,2019-20,2020-21,175,182,41,42,6,7,6,7,1,1,580320,580320
Uttar Pradesh,182,Balrampur,Balrampur,2019-20,2020-21,215,215,27,26,9,9,0,0,3,3,2148665,2148665
Bihar,208,Supaul,Supaul,2019-20,2020-21,174,181,33,27,2,6,0,1,1,1,2229076,2229076
Nagaland,263,Zunheboto,Zunheboto,2019-20,2020-21,47,47,13,13,2,2,0,0,1,1,140757,140757
Madhya Pradesh,422,Datia,Datia,2019-20,2020-21,110,110,13,12,4,4,2,1,1,1,786754,786754
West Bengal,338,Hooghly,Hooghly,2019-20,2020-21,660,660,89,89,18,18,4,4,1,1,5519145,5519145
Andhra Pradesh,546,West Godavari,West Godavari,2019-20,2020-21,635,635,112,113,14,14,3,3,1,1,3936966,3936966
Andhra Pradesh,548,Guntur,Guntur,2019-20,2020-21,680,680,117,119,18,18,2,2,1,1,4887813,4887813
Uttar Pradesh,197,Varanasi,Varanasi,2019-20,2020-21,320,320,51,51,12,12,0,0,4,4,3676841,3676841
Gujarat,478,Porbandar,Porbandar,2019-20,2020-21,85,84,15,17,4,4,0,0,1,1,585449,585449
Delhi,092,North East,North East,2019-20,2020-21,12,0,29,29,3,0,0,0,1,1,2241624,2241624
Jharkhand,365,Khunti,Khunti,2019-20,2020-21,108,65,5,8,5,4,0,0,1,1,531885,531885
Madhya Pradesh,465,Alirajpur,Alirajpur,2019-20,2020-21,185,185,16,15,6,7,0,0,1,1,728999,728999
Himachal Pradesh,034,Kinnaur,Kinnaur,2019-20,2020-21,34,35,24,23,4,4,1,1,1,1,84121,84121
Madhya Pradesh,428,Damoh,Damoh,2019-20,2020-21,176,175,18,19,6,6,1,1,1,1,1264219,1264219
Karnataka,577,Mysore,Mysuru,2019-20,2020-21,510,510,147,147,10,10,6,6,1,3,3001127,3001127
Rajasthan,113,Jodhpur,Jodhpur,2019-20,2020-21,653,651,111,105,27,27,0,1,0,0,3687165,3687165
Haryana,073,Kaithal,Kaithal,2019-20,2020-21,144,144,21,24,6,6,0,0,1,1,1074304,1074304
Gujarat,492,Surat,Surat,2019-20,2020-21,358,358,102,102,20,20,1,2,0,0,6081322,6081322
Karnataka,580,Yadgir,Yadgir,2019-20,2020-21,169,169,44,44,6,6,2,2,1,1,1174271,1174271
Karnataka,557,Bijapur,Vijayapura,2019-20,2020-21,310,311,67,66,9,9,4,4,1,0,2177331,2177331
Gujarat,485,Dahod,Dohad,2019-20,2020-21,637,637,99,99,20,20,1,2,0,0,2127086,2127086
Maharashtra,507,Gondiya,Gondia,2019-20,2020-21,258,258,41,41,10,10,1,1,0,0,1322507,1322507
Andaman And Nicobar Islands,639,North & Middle Andman,North And Middle Andaman,2019-20,2020-21,45,44,8,8,2,2,0,0,1,1,105597,105597
Assam,321,Kamrup R,Kamrup,2019-20,2020-21,279,280,65,65,13,13,1,1,1,1,1517542,1517542
Maharashtra,506,Bhandara,Bhandara,2019-20,2020-21,193,193,35,34,7,7,2,2,1,1,1200334,1200334
Tamil Nadu,633,Tirupur,Tiruppur,2019-20,2020-21,242,242,54,54,13,13,10,9,1,0,2479052,2479052
Maharashtra,527,Satara,Satara,2019-20,2020-21,401,401,76,76,15,15,2,2,1,1,3003741,3003741
Odisha,379,Kendrapara,Kendrapara,2019-20,2020-21,227,227,46,46,8,8,1,1,1,1,1440361,1440361
West Bengal,334,Birbhum,Birbhum,2019-20,2020-21,484,484,62,62,19,19,1,1,1,1,3502404,3502404
Odisha,370,Bargarh,Bargarh,2019-20,2020-21,204,204,49,49,15,15,1,1,1,1,1481255,1481255
Jharkhand,357,Purbi Singhbhum,East Singhbum,2019-20,2020-21,243,117,25,11,9,6,1,1,1,1,2293919,2293919
Uttarakhand,058,Rudra Prayag,Rudra Prayag,2019-20,2020-21,73,73,13,15,2,2,0,0,1,1,242285,242285
Rajasthan,117,Sirohi,Sirohi,2019-20,2020-21,223,223,34,30,9,10,0,0,1,1,1036346,1036346
Jharkhand,353,Pakur,Pakur,2019-20,2020-21,121,171,10,24,5,7,0,2,1,1,900422,900422
Rajasthan,130,Udaipur,Udaipur,2019-20,2020-21,624,623,115,108,29,31,1,1,0,0,3068420,3068420
Madhya Pradesh,466,Khandwa,East Nimar,2019-20,2020-21,181,180,31,32,7,7,1,1,1,1,1310061,1310061
Madhya Pradesh,464,Jhabua,Jhabua,2019-20,2020-21,292,291,21,21,5,5,2,2,1,1,1025048,1025048
Uttarakhand,060,Dehradun,Dehradun,2019-20,2020-21,180,181,33,31,5,5,4,4,1,1,1696694,1696694
Uttarakhand,061,Pauri Garhwal,Pauri Garhwal,2019-20,2020-21,209,222,31,31,5,5,3,2,1,1,687271,687271
Uttar Pradesh,184,Siddharth Nagar,Siddharth Nagar,2019-20,2020-21,278,278,65,64,8,8,0,0,1,1,2559297,2559297
Uttar Pradesh,134,Bijnor,Bijnor,2019-20,2020-21,343,343,64,62,7,11,0,0,2,2,3682713,3682713
Bihar,216,Muzaffarpur,Muzaffarpur,2019-20,2020-21,500,520,103,104,1,14,0,0,1,1,4801062,4801062
Maharashtra,526,Solapur,Solapur,2019-20,2020-21,427,427,95,95,16,16,3,3,0,0,4317756,4317756
Punjab,054,Barnala,Barnala,2019-20,2020-21,76,71,12,12,4,4,1,1,1,1,595527,595527
Uttar Pradesh,193,Ballia,Ballia,2019-20,2020-21,367,367,81,81,9,9,0,0,2,2,3239774,3239774
Mizoram,287,Lawngtlai,Lawngtlai,2019-20,2020-21,37,35,5,6,1,1,0,0,1,1,117894,117894
Karnataka,560,Koppal,Koppal,2019-20,2020-21,176,176,48,48,9,9,3,3,0,1,1389920,1389920
Madhya Pradesh,430,Rewa,Rewa,2019-20,2020-21,316,315,40,43,9,9,3,3,1,1,2365106,2365106
Nagaland,261,Mon,Mon,2019-20,2020-21,50,55,15,15,2,2,0,0,1,1,250260,250260
Uttar Pradesh,189,Kushinagar,Kushi Nagar,2019-20,2020-21,368,368,57,55,16,16,0,0,1,1,3564544,3564544
Madhya Pradesh,425,Chhatarpur,Chhatarpur,2019-20,2020-21,235,235,40,41,10,10,0,0,1,1,1762375,1762375
Gujarat,472,Sabarkantha,Sabar Kantha,2019-20,2020-21,281,281,49,49,12,12,2,2,0,0,2428589,2428589
Madhya Pradesh,432,Neemuch,Neemuch,2019-20,2020-21,103,104,18,18,3,3,2,2,1,1,826067,826067
Gujarat,493,Tapi,Tapi,2019-20,2020-21,241,241,39,39,7,6,0,2,1,1,807022,807022
Odisha,387,Puri,Puri,2020-21,2021-22,241,241,52,52,17,17,0,0,1,1,1698730,1698730
Meghalaya,297,Ri Bhoi,Ri Bhoi,2020-21,2021-22,34,35,10,10,3,3,0,0,1,1,258840,258840
Tamil Nadu,609,Namakkal,Namakkal,2020-21,2021-22,240,240,48,48,15,15,8,8,0,0,1726601,1726601
Gujarat,481,Bhavnagar,Bhavnagar,2020-21,2021-22,299,299,65,65,13,13,2,2,0,0,2880365,2880365
Delhi,097,South West,South West,2020-21,2021-22,12,12,43,65,0,0,0,0,4,5,2292958,2292958
Himachal Pradesh,028,Hamirpur,Hamirpur,2020-21,2021-22,152,153,32,32,2,2,5,5,0,0,454768,454768
Maharashtra,515,Aurangabad,Aurangabad,2020-21,2021-22,279,279,73,74,10,10,3,3,1,1,3701282,3701282
Chhattisgarh,417,Bijapur,Bijapur,2020-21,2021-22,77,77,10,10,5,5,0,0,1,1,255230,255230
Uttar Pradesh,135,Moradabad,Moradabad,2020-21,2021-22,267,259,56,56,7,7,0,0,2,2,4772006,4772006
Uttar Pradesh,133,Muzaffarnagar,Muzaffarnagar,2020-21,2021-22,286,286,47,47,7,7,0,0,2,2,4143512,4143512
Telangana,533,Nizamabad,Nizamabad,2020-21,2021-22,225,225,37,32,9,8,1,1,0,0,2551335,2551335
Jharkhand,351,Godda,Godda,2020-21,2021-22,243,181,2,10,10,7,0,0,1,1,1313551,1313551
Jharkhand,354,Dhanbad,Dhanbad,2020-21,2021-22,140,140,33,35,9,9,0,0,0,1,2684487,2684487
Lakshadweep,587,Lakshadweep District,Lakshadweep District,2020-21,2021-22,7,9,4,4,3,3,2,2,1,1,64473,64473
Maharashtra,524,Latur,Latur,2020-21,2021-22,252,252,56,60,10,10,1,1,0,0,2454196,2454196
Tamil Nadu,615,Perambalur,Perambalur,2020-21,2021-22,90,90,25,25,4,4,3,3,1,1,565223,565223
Uttar Pradesh,196,Chandauli,Chandauli,2020-21,2021-22,248,248,30,30,4,4,0,0,4,4,1952756,1952756
Arunachal Pradesh,260,Anjaw,Anjaw,2020-21,2021-22,8,8,6,6,4,4,0,0,1,1,21167,21167
Uttar Pradesh,155,Hardoi,Hardoi,2020-21,2021-22,433,433,50,50,19,20,0,0,2,2,4092845,4092845
Maharashtra,500,Buldhana,Buldhana,2020-21,2021-22,280,280,58,58,12,12,1,1,2,1,2586258,2586258
Punjab,051,Rupnagar,Rupnagar,2020-21,2021-22,85,85,14,14,4,4,2,2,1,1,684627,684627
Tamil Nadu,605,Vellore,Vellore,2020-21,2021-22,157,178,39,39,7,7,4,4,0,0,3936331,3936331
Rajasthan,107,Karauli,Karauli,2020-21,2021-22,281,281,39,36,14,17,1,1,1,1,1458248,1458248
Uttar Pradesh,158,Rae Bareli,Rae Bareli,2020-21,2021-22,352,352,51,53,19,19,0,0,2,2,3405559,3405559
Gujarat,477,Jamnagar,Jamnagar,2020-21,2021-22,210,210,45,45,9,9,0,0,0,1,2160119,2160119
Jammu And Kashmir,014,Anantnag,Anantnag,2020-21,2021-22,139,139,65,65,5,5,0,0,0,0,1078692,1078692
Gujarat,488,Bharuch,Bharuch,2020-21,2021-22,241,241,46,46,9,9,1,1,1,0,1551019,1551019
Madhya Pradesh,433,Mandsaur,Mandsaur,2020-21,2021-22,177,179,40,41,7,7,2,3,1,1,1340411,1340411
Assam,306,Sonitpur,Sonitpur,2020-21,2021-22,144,146,29,29,6,6,0,0,1,1,1924110,1924110
Assam,311,Sivasagar,Sivasagar,2020-21,2021-22,150,150,27,27,2,2,1,1,1,1,1151050,1151050
Madhya Pradesh,437,Dewas,Dewas,2020-21,2021-22,205,211,28,31,6,5,3,4,1,1,1563715,1563715
Madhya Pradesh,457,Balaghat,Balaghat,2020-21,2021-22,295,294,40,42,7,7,3,3,1,1,1701698,1701698
Tamil Nadu,613,Karur,Karur,2020-21,2021-22,168,168,29,29,8,8,6,6,1,1,1064493,1064493
Bihar,234,Rohtas,Rohtas,2020-21,2021-22,251,255,54,48,6,6,2,2,1,1,2959918,2959918
Odisha,389,Gajapati,Gajapati,2020-21,2021-22,136,136,22,22,8,8,0,0,1,1,577817,577817
Karnataka,573,Mandya,Mandya,2020-21,2021-22,410,410,116,116,10,10,6,6,0,0,1805769,1805769
Punjab,035,Gurdaspur,Gurdaspur,2020-21,2021-22,222,222,33,33,13,13,1,1,1,1,2298323,2298323
West Bengal,332,Maldah,Malda,2020-21,2021-22,511,511,40,40,16,16,1,1,0,0,3988845,3988845
West Bengal,337,24 Paraganas North,North 24 Parganas,2020-21,2021-22,742,742,149,149,22,22,10,10,2,2,10009781,10009781
Odisha,382,Jajapur,Jajapur,2020-21,2021-22,260,260,62,63,12,12,0,0,1,1,1827192,1827192
Arunachal Pradesh,246,West Kameng,West Kameng,2020-21,2021-22,22,22,5,5,5,5,0,0,1,1,83947,83947
Maharashtra,517,Thane,Thane,2020-21,2021-22,176,180,138,143,13,12,3,3,1,1,11060148,11060148
Bihar,226,Munger,Munger,2020-21,2021-22,167,154,36,32,3,3,1,1,1,1,1367765,1367765
Madhya Pradesh,451,Jabalpur,Jabalpur,2020-21,2021-22,178,181,54,54,7,7,1,5,1,1,2463289,2463289
Kerala,589,Kannur,Kannur,2020-21,2021-22,415,414,86,86,12,12,9,9,3,3,2523003,2523003
Rajasthan,099,Ganganagar,Ganganagar,2020-21,2021-22,419,419,64,63,18,18,0,0,1,1,1969168,1969168
Bihar,212,Katihar,Katihar,2020-21,2021-22,327,340,65,57,8,7,2,2,1,1,3071029,3071029
Bihar,240,Arwal,Arwal,2020-21,2021-22,65,62,33,30,2,3,0,0,1,1,700843,700843
Maharashtra,501,Akola,Akola,2020-21,2021-22,179,178,42,42,5,5,1,1,0,0,1813906,1813906
Uttar Pradesh,192,Mau,Mau,2020-21,2021-22,225,225,43,43,6,6,0,0,2,2,2205968,2205968
Maharashtra,523,Beed,Beed,2020-21,2021-22,297,297,57,57,10,10,3,3,1,1,2585049,2585049
Maharashtra,530,Kolhapur,Kolhapur,2020-21,2021-22,413,413,92,92,18,18,4,4,0,0,3876001,3876001
Rajasthan,121,Bundi,Bundi,2020-21,2021-22,206,205,32,33,14,14,0,0,1,1,1110906,1110906
Chhattisgarh,402,Jashpur,Jashpur,2020-21,2021-22,259,259,34,35,8,8,0,0,1,1,851669,851669
Kerala,591,Kozhikode,Kozhikode,2020-21,2021-22,413,401,75,76,16,16,7,7,3,3,3086293,3086293
Assam,308,Dhemaji,Dhemaji,2020-21,2021-22,98,98,24,23,5,5,0,0,1,1,686133,686133
Chhattisgarh,415,Narayanpur,Narayanpur,2020-21,2021-22,63,63,8,8,1,1,0,0,1,1,139820,139820
Assam,320,Chirang,Chirang,2020-21,2021-22,87,87,24,24,4,4,0,0,1,1,482162,482162
Rajasthan,114,Jaisalmer,Jaisalmer,2020-21,2021-22,156,155,25,25,10,11,0,0,1,1,669919,669919
Madhya Pradesh,452,Narsinghpur,Narsinghpur,2020-21,2021-22,136,139,23,24,7,6,1,3,1,1,1091854,1091854
Madhya Pradesh,439,Indore,Indore,2020-21,2021-22,113,118,58,62,6,7,4,7,1,1,3276697,3276697
Odisha,397,Nabarangpur,Nabarangpur,2020-21,2021-22,289,289,41,42,10,10,1,1,1,1,1220946,1220946
Gujarat,479,Junagadh,Junagadh,2020-21,2021-22,237,237,46,46,9,9,1,1,0,0,2743082,2743082
Jammu And Kashmir,008,Baramulla,Baramulla,2020-21,2021-22,188,188,86,86,7,7,0,0,0,0,1008039,1008039
Nagaland,270,Kohima,Kohima,2020-21,2021-22,41,42,16,16,3,3,0,0,1,1,267988,267988
Nagaland,262,Mokokchung,Mokokchung,2020-21,2021-22,55,55,17,17,3,3,0,0,1,1,194622,194622
Chhattisgarh,410,Raipur,Raipur,2020-21,2021-22,275,275,36,35,10,10,1,1,1,1,4063872,4063872
Haryana,079,Sirsa,Sirsa,2020-21,2021-22,156,158,28,28,8,8,1,1,1,1,1295189,1295189
Chhattisgarh,409,Durg,Durg,2020-21,2021-22,221,221,30,30,8,8,1,1,1,1,3343872,3343872
West Bengal,343,24 Paraganas South,South 24 Parganas,2020-21,2021-22,1068,1068,80,79,30,30,7,7,1,1,8161961,8161961
Tamil Nadu,610,Erode,Erode,2020-21,2021-22,311,311,62,62,14,14,7,7,1,1,2251744,2251744
Tamil Nadu,626,Ramanathapuram,Ramanathapuram,2020-21,2021-22,244,244,48,48,11,11,9,9,0,0,1353445,1353445
Maharashtra,508,Gadchiroli,Gadchiroli,2020-21,2021-22,376,376,48,48,9,9,3,3,1,1,1072942,1072942
Odisha,383,Dhenkanal,Dhenkanal,2020-21,2021-22,167,167,38,38,10,10,2,2,1,1,1192811,1192811
Karnataka,559,Raichur,Raichur,2020-21,2021-22,213,213,57,57,6,6,4,4,1,0,1928812,1928812
Uttarakhand,068,Haridwar,Haridwar,2020-21,2021-22,160,160,41,41,8,8,2,2,1,1,1890422,1890422
Odisha,377,Baleshwar,Baleshwar,2020-21,2021-22,275,275,73,74,17,17,1,1,1,1,2320529,2320529
Haryana,076,Sonipat,Sonipat,2020-21,2021-22,164,164,33,33,9,7,1,1,1,1,1450001,1450001
Karnataka,578,Chamarajanagar,Chamarajanagara,2020-21,2021-22,255,254,62,62,3,3,3,2,0,0,1020791,1020791
Madhya Pradesh,447,Betul,Betul,2020-21,2021-22,323,321,38,38,9,10,1,1,1,1,1575362,1575362
Bihar,222,Begusarai,Begusarai,2020-21,2021-22,292,290,44,40,7,7,1,1,1,1,2970541,2970541
Jammu And Kashmir,017,Ramban,Ramban,2020-21,2021-22,85,85,31,31,3,3,0,0,1,1,283713,283713
Madhya Pradesh,435,Ujjain,Ujjain,2020-21,2021-22,208,211,37,39,5,6,6,6,1,1,1986864,1986864
Uttarakhand,064,Almora,Almora,2020-21,2021-22,203,203,26,65,9,9,2,2,1,1,622506,622506
Rajasthan,126,Chittorgarh,Chittorgarh,2020-21,2021-22,383,383,52,51,24,25,1,1,1,1,1544338,1544338
Uttar Pradesh,161,Etawah,Etawah,2020-21,2021-22,169,167,34,34,8,8,0,0,3,3,1581810,1581810
Tamil Nadu,607,Villupuram,Villupuram,2020-21,2021-22,345,345,52,52,13,13,7,7,0,0,3458873,3458873
Jammu And Kashmir,009,Bandipora,Bandipora,2020-21,2021-22,71,71,27,27,3,3,0,0,1,1,392232,392232
Karnataka,555,Belagavi,Belagavi,2020-21,2021-22,621,619,153,146,16,16,9,9,1,0,4779661,4779661
Rajasthan,106,Dholpur,Dholpur,2020-21,2021-22,233,234,34,34,7,8,1,1,1,1,1206516,1206516
The Dadra And Nagar Haveli And Daman And Diu,495,Daman,Daman,2020-21,2021-22,20,20,3,3,1,1,0,0,1,1,191173,191173
Uttar Pradesh,178,Ambedkar Nagar,Ambedkar Nagar,2020-21,2021-22,272,272,28,28,10,10,0,0,1,1,2397888,2397888
Jharkhand,369,Saraikela Kharsawan,Saraikela Kharsawan,2020-21,2021-22,136,192,12,13,6,6,0,1,1,1,1065056,1065056
Rajasthan,119,Ajmer,Ajmer,2020-21,2021-22,370,369,84,84,25,25,2,2,2,2,2583052,2583052
West Bengal,328,Jalpaiguri,Jalpaiguri,2020-21,2021-22,301,301,27,27,7,7,1,1,1,1,3872846,3872846
Madhya Pradesh,436,Shajapur,Shajapur,2020-21,2021-22,115,119,18,18,4,5,3,3,1,1,1512681,1512681
Karnataka,562,Dharwad,Dharwad,2020-21,2021-22,185,185,53,53,0,0,3,3,0,1,1847023,1847023
Uttar Pradesh,187,Maharajganj,Maharajganj,2020-21,2021-22,291,291,40,40,12,12,0,0,1,1,2684703,2684703
Uttar Pradesh,143,Aligarh,Aligarh,2020-21,2021-22,333,333,53,53,13,13,0,0,4,4,3673889,3673889
Bihar,238,Jamui,Jamui,2020-21,2021-22,279,277,34,36,7,7,0,0,1,1,1760405,1760405
Assam,313,Golaghat,Golaghat,2020-21,2021-22,143,143,39,39,9,9,1,1,1,1,1066888,1066888
Assam,326,Udalguri,Udalguri,2020-21,2021-22,150,150,24,24,7,7,0,0,1,1,831668,831668
Himachal Pradesh,029,Una,Una,2020-21,2021-22,136,138,23,24,9,8,5,5,1,1,521173,521173
West Bengal,329,Coochbehar,Coochbehar,2020-21,2021-22,406,406,38,38,12,12,4,4,0,0,2819086,2819086
Uttar Pradesh,138,Meerut,Meerut,2020-21,2021-22,280,279,57,57,12,12,0,0,2,2,3443689,3443689
Karnataka,584,Ramanagara,Ramanagara,2020-21,2021-22,252,241,65,65,4,4,3,3,0,1,1082636,1082636
Jharkhand,356,Lohardaga,Lohardaga,2020-21,2021-22,121,74,10,7,5,4,0,0,1,1,461790,461790
Kerala,601,Thiruvananthapuram,Thiruvananthapuram,2020-21,2021-22,487,487,71,88,22,22,8,8,7,7,3301427,3301427
Jharkhand,361,Ramgarh,Ramgarh,2020-21,2021-22,243,54,25,8,11,4,1,0,1,1,949443,949443
Maharashtra,521,Pune,Pune,2020-21,2021-22,545,546,192,192,40,41,5,5,1,1,9429408,9429408
West Bengal,331,Dinajpur Dakshin,Dakshin Dinajpur,2020-21,2021-22,248,248,22,22,8,8,1,1,1,1,1676276,1676276
Uttarakhand,067,Udam Singh Nagar,Udam Singh Nagar,2020-21,2021-22,153,154,32,41,6,5,2,2,1,1,1648902,1648902
Uttar Pradesh,137,Amroha,Amroha,2020-21,2021-22,175,175,32,32,8,8,0,0,2,2,1840221,1840221
Rajasthan,127,Kota,Kota,2020-21,2021-22,188,190,62,61,13,16,0,0,0,0,1951014,1951014
Gujarat,482,Anand,Anand,2020-21,2021-22,277,277,61,61,14,14,0,0,2,2,2092745,2092745
Assam,322,Kamrup Metro,Kamrup Metro,2020-21,2021-22,50,50,45,48,3,3,0,0,1,1,1253938,1253938
Gujarat,469,Banas Kantha,Banas Kantha,2020-21,2021-22,759,759,125,125,26,26,4,4,0,1,3120506,3120506
Punjab,050,Tarn Taran,Tarn Taran,2020-21,2021-22,153,153,18,18,11,11,2,2,1,1,1119627,1119627
Nagaland,269,Kiphire,Kiphire,2020-21,2021-22,22,25,4,4,1,1,0,0,1,1,74004,74004
Tamil Nadu,624,Theni,Theni,2020-21,2021-22,162,162,33,33,8,8,5,5,1,1,1245899,1245899
Tamil Nadu,604,Kanchipuram,Kancheepuram,2020-21,2021-22,143,143,23,23,5,5,3,3,1,1,3998252,3998252
Karnataka,574,Hassan,Hassan,2020-21,2021-22,486,468,138,138,15,15,7,7,0,0,1776421,1776421
Nagaland,265,Dimapur,Dimapur,2020-21,2021-22,53,54,12,12,2,2,0,0,1,1,378811,378811
Chhattisgarh,407,Kabirdham,Kawardha,2020-21,2021-22,145,145,25,25,6,6,0,0,1,1,822526,822526
Uttar Pradesh,146,Agra,Agra,2020-21,2021-22,395,395,73,73,18,18,0,0,2,2,4418797,4418797
The Dadra And Nagar Haveli And Daman And Diu,494,Diu,Diu,2020-21,2021-22,6,6,1,1,1,1,0,0,1,1,52074,52074
Madhya Pradesh,440,Khargone,Khargone,2020-21,2021-22,317,317,61,60,10,11,2,3,1,1,1873046,1873046
Arunachal Pradesh,256,Kurung Kumey,Kurung Kumey,2020-21,2021-22,13,13,4,4,2,2,0,0,1,1,92076,92076
Jharkhand,358,Palamu,Palamu,2020-21,2021-22,343,171,16,24,13,7,1,2,1,0,1939869,1939869
Meghalaya,298,East Khasi Hills,East Khasi Hills,2020-21,2021-22,72,74,44,44,7,6,0,1,2,2,825922,825922
Mizoram,281,Mamit,Mamit,2020-21,2021-22,40,39,10,8,1,1,0,0,1,1,86364,86364
Karnataka,565,Ballari,Ballari,2020-21,2021-22,350,348,92,92,13,13,7,7,1,1,2452595,2452595
Assam,317,Karimganj,Karimganj,2020-21,2021-22,232,232,29,29,7,7,0,0,1,1,1228686,1228686
Gujarat,490,Navsari,Navsari,2020-21,2021-22,296,296,50,50,11,11,3,3,1,1,1329672,1329672
Bihar,229,Nalanda,Nalanda,2020-21,2021-22,370,367,69,65,9,8,2,2,1,1,2877653,2877653
Jammu And Kashmir,006,Rajouri,Rajouri,2020-21,2021-22,197,197,55,55,7,7,0,0,0,0,642415,642415
Chhattisgarh,413,Kanker,Kanker,2020-21,2021-22,248,249,34,34,8,8,1,1,1,1,748941,748941
Maharashtra,516,Nashik,Nashik,2020-21,2021-22,592,589,153,155,24,24,6,6,1,1,6107187,6107187
Meghalaya,299,West Jaintia Hills,West Jaintia Hills,2020-21,2021-22,46,46,15,15,3,3,0,0,1,1,395124,395124
Maharashtra,520,Raigad,Raigad,2020-21,2021-22,288,280,60,60,8,8,6,6,1,1,2634200,2634200
Arunachal Pradesh,251,East Siang,East Siang,2020-21,2021-22,17,16,9,9,2,2,0,0,1,1,99214,99214
Gujarat,483,Kheda,Kheda,2020-21,2021-22,316,316,58,58,14,14,2,2,1,1,2299885,2299885
Punjab,037,Jalandhar,Jalandhar,2020-21,2021-22,198,198,37,37,14,14,2,2,1,1,2193590,2193590
Jharkhand,349,Giridih,Giridih,2020-21,2021-22,181,179,10,17,7,11,0,0,1,1,2445474,2445474
Kerala,594,Thrissur,Thrissur,2020-21,2021-22,471,471,86,86,24,24,6,6,3,3,3121200,3121200
Delhi,091,North,North,2020-21,2021-22,0,0,38,41,0,0,0,0,3,4,887978,887978
Punjab,041,Ludhiana,Ludhiana,2020-21,2021-22,265,265,47,47,16,16,4,4,1,1,3498739,3498739
Haryana,075,Panipat,Panipat,2020-21,2021-22,89,89,18,18,9,7,1,1,1,1,1205437,1205437
Bihar,228,Sheikhpura,Sheikhpura,2020-21,2021-22,85,75,23,15,2,2,0,0,1,1,636342,636342
Arunachal Pradesh,252,Upper Siang,Upper Siang,2020-21,2021-22,13,13,2,2,4,4,0,0,1,1,35320,35320
Tamil Nadu,632,Coimbatore,Coimbatore,2020-21,2021-22,328,328,77,77,12,12,12,12,1,1,3458045,3458045
Uttar Pradesh,195,Ghazipur,Ghazipur,2020-21,2021-22,418,399,60,60,17,17,0,0,2,2,3620268,3620268
Haryana,082,Rohtak,Rohtak,2020-21,2021-22,116,116,20,21,8,8,0,0,1,1,1061204,1061204
Uttar Pradesh,157,Lucknow,Lucknow,2020-21,2021-22,306,303,78,79,19,19,0,0,9,9,4589838,4589838
Maharashtra,497,Nandurbar,Nandurbar,2020-21,2021-22,293,293,61,63,12,12,2,2,0,1,1648295,1648295
Jammu And Kashmir,010,Srinagar,Srinagar,2020-21,2021-22,25,25,69,69,1,1,0,0,1,1,1236829,1236829
Odisha,396,Rayagada,Rayagada,2020-21,2021-22,235,235,39,41,11,11,1,1,1,1,967911,967911
Andhra Pradesh,549,Prakasam,Prakasam,2020-21,2021-22,534,911,100,115,15,13,2,4,1,1,3397448,3397448
Telangana,539,Nalgonda,Nalgonda,2020-21,2021-22,257,257,39,37,2,1,3,3,0,0,3488809,3488809
Maharashtra,513,Parbhani,Parbhani,2020-21,2021-22,215,214,38,38,6,6,2,2,1,1,1836086,1836086
Assam,310,Dibrugarh,Dibrugarh,2020-21,2021-22,234,234,31,31,10,10,0,0,0,0,1326335,1326335
Tamil Nadu,631,Krishnagiri,Krishnagiri,2020-21,2021-22,239,239,51,51,10,10,6,6,0,0,1879809,1879809
Bihar,230,Patna,Patna,2020-21,2021-22,409,383,113,99,8,8,3,3,1,1,5838465,5838465
West Bengal,335,Purba Bardhaman,Purba Bardhhaman,2020-21,2021-22,592,592,83,83,25,25,2,2,0,0,7717563,7717563
Manipur,274,Churachandpur,Churachandpur,2020-21,2021-22,52,50,7,7,0,0,0,0,1,1,274143,274143
Assam,314,Karbi Anglong,Karbi Anglong,2020-21,2021-22,104,115,24,24,6,6,0,0,0,0,956313,956313
Rajasthan,128,Baran,Baran,2020-21,2021-22,263,268,52,52,14,14,0,0,1,1,1222755,1222755
Chhattisgarh,403,Raigarh,Raigarh,2020-21,2021-22,350,350,55,55,10,10,2,2,1,1,1493984,1493984
Rajasthan,109,Dausa,Dausa,2020-21,2021-22,313,320,48,48,17,17,0,0,1,1,1634409,1634409
Gujarat,486,Vadodara,Vadodara,2020-21,2021-22,242,242,77,77,10,10,0,0,1,0,4165626,4165626
Bihar,204,Purbi Champaran,Purbi Champaran,2020-21,2021-22,407,413,102,90,15,14,3,3,1,1,5099371,5099371
Madhya Pradesh,449,Hoshangabad,Hoshangabad,2020-21,2021-22,153,161,19,21,6,5,2,3,1,1,1241350,1241350
Bihar,203,Pashchim Champaran,Pashchim Champaran,2020-21,2021-22,554,554,56,44,11,11,2,2,0,0,3935042,3935042
Uttar Pradesh,167,Lalitpur,Lalitpur,2020-21,2021-22,197,197,27,26,4,5,0,0,2,2,1221592,1221592
Punjab,039,Shahid Bhagat Singh Nagar,Shahid Bhagat Singh Nagar,2020-21,2021-22,95,95,18,18,4,4,1,1,1,1,612310,612310
Jammu And Kashmir,022,Samba,Samba,2020-21,2021-22,82,82,21,21,3,3,0,0,1,1,318898,318898
Andhra Pradesh,545,East Godavari,East Godavari,2020-21,2021-22,840,1288,144,163,26,25,3,4,1,1,5154296,5154296
Jammu And Kashmir,005,Poonch,Poonch,2020-21,2021-22,137,137,44,44,3,3,0,0,1,1,476835,476835
Manipur,273,Tamenglong,Tamenglong,2020-21,2021-22,15,15,3,3,0,0,0,0,1,1,140651,140651
Jharkhand,347,Chatra,Chatra,2020-21,2021-22,93,93,9,9,5,5,0,0,1,1,1042886,1042886
Arunachal Pradesh,248,Papum Pare,Papum Pare,2020-21,2021-22,37,37,16,17,4,4,0,0,1,0,176573,176573
Rajasthan,108,Sawai Madhopur,Sawai Madhopur,2020-21,2021-22,269,269,42,41,14,15,1,1,1,1,1335551,1335551
Kerala,597,Kottayam,Kottayam,2020-21,2021-22,333,333,59,59,20,20,3,3,5,5,1974551,1974551
Odisha,392,Sonepur,Sonepur,2020-21,2021-22,89,89,20,20,5,5,1,1,1,1,610183,610183
Himachal Pradesh,027,Mandi,Mandi,2020-21,2021-22,334,339,85,82,13,12,13,13,1,1,999777,999777
Madhya Pradesh,431,Umaria,Umaria,2020-21,2021-22,113,125,14,13,3,5,0,0,1,1,644758,644758
Haryana,084,Mahendragarh,Mahendragarh,2020-21,2021-22,137,140,18,19,7,7,1,1,1,1,922088,922088
Jammu And Kashmir,007,Kathua,Kathua,2020-21,2021-22,185,185,53,53,5,5,0,0,0,0,616435,616435
Chhattisgarh,408,Rajnandgaon,Rajnandgaon,2020-21,2021-22,332,332,51,51,10,10,1,1,0,1,1537133,1537133
Chhattisgarh,405,Janjgir-Champa,Janjgir-Champa,2020-21,2021-22,273,273,47,47,11,11,1,1,1,1,1619707,1619707
Bihar,211,Purnia,Purnia,2020-21,2021-22,312,472,64,51,5,5,2,2,1,1,3264619,3264619
Odisha,375,Kendujhar,Kendujhar,2020-21,2021-22,351,351,67,69,17,17,2,2,1,1,1801733,1801733
Madhya Pradesh,424,Tikamgarh,Tikamgarh,2020-21,2021-22,146,148,15,14,5,7,0,0,1,1,1445166,1445166
Madhya Pradesh,445,Sehore,Sehore,2020-21,2021-22,162,162,25,25,7,8,3,3,1,1,1311332,1311332
Tamil Nadu,628,Tirunelveli,Tirunelveli,2020-21,2021-22,202,202,43,43,9,9,8,8,0,0,3077233,3077233
Jammu And Kashmir,018,Kishtwar,Kishtwar,2020-21,2021-22,87,87,26,26,1,1,0,0,1,1,230696,230696
Jharkhand,363,Jamtara,Jamtara,2020-21,2021-22,108,129,5,13,5,4,0,0,1,1,791042,791042
Madhya Pradesh,442,Rajgarh,Rajgarh,2020-21,2021-22,213,217,28,30,5,6,4,4,1,1,1545814,1545814
Uttar Pradesh,132,Saharanpur,Saharanpur,2020-21,2021-22,364,363,62,62,21,21,0,0,2,2,3466382,3466382
Madhya Pradesh,421,Gwalior,Gwalior,2020-21,2021-22,119,121,50,50,3,6,3,4,1,1,2032036,2032036
Karnataka,556,Bagalkot,Bagalkote,2020-21,2021-22,233,233,55,55,8,8,5,5,0,1,1889752,1889752
Haryana,072,Kurukshetra,Kurukshetra,2020-21,2021-22,117,117,18,17,6,7,0,0,1,1,964655,964655
Maharashtra,514,Jalna,Jalna,2020-21,2021-22,218,218,44,44,9,9,1,1,1,1,1959046,1959046
Punjab,036,Kapurthala,Kapurthala,2020-21,2021-22,88,88,14,14,5,5,3,3,1,1,815168,815168
Kerala,588,Kasaragod,Kasaragod,2020-21,2021-22,247,247,43,43,6,6,5,5,2,2,1307375,1307375
Assam,312,Jorhat,Jorhat,2020-21,2021-22,110,110,35,36,6,6,1,1,0,0,1092256,1092256
Andhra Pradesh,552,Kurnool,Kurnool,2020-21,2021-22,542,926,113,131,19,17,1,4,1,1,4053463,4053463
Odisha,395,Kalahandi,Kalahandi,2020-21,2021-22,242,242,46,46,18,18,1,1,1,1,1576869,1576869
Puducherry,635,Pondicherry,Pondicherry,2020-21,2021-22,56,56,27,27,2,2,2,0,2,1,950289,950289
Punjab,043,Firozepur,Firozepur,2020-21,2021-22,122,122,19,19,4,4,1,1,1,1,2029074,2029074
Himachal Pradesh,032,Sirmaur,Sirmaur,2020-21,2021-22,147,148,46,46,6,6,5,5,0,0,529855,529855
Arunachal Pradesh,258,Lower Dibang Valley,Lower Dibang Valley,2020-21,2021-22,13,13,4,4,4,4,0,0,1,1,54080,54080
Mizoram,282,Kolasib,Kolasib,2020-21,2021-22,26,28,5,5,1,1,0,0,1,1,83955,83955
Karnataka,575,Dakshin Kannad,Dakshina Kannada,2020-21,2021-22,430,430,77,76,8,8,4,4,2,1,2089649,2089649
Rajasthan,131,Pratapgarh,Pratapgarh,2020-21,2021-22,204,204,32,34,8,8,0,0,1,1,867848,867848
Tamil Nadu,611,The Nilgiris,The Nilgiris,2020-21,2021-22,194,194,33,33,4,4,5,5,0,0,735394,735394
Gujarat,489,Dang,Dang,2020-21,2021-22,68,68,10,10,3,3,0,0,1,1,228291,228291
Gujarat,470,Patan,Patan,2020-21,2021-22,326,326,55,55,14,14,2,2,0,0,1343734,1343734
Rajasthan,112,Nagaur,Nagaur,2020-21,2021-22,803,798,132,136,35,34,3,5,1,1,3307743,3307743
Karnataka,558,Bidar,Bidar,2020-21,2021-22,275,275,58,58,8,8,4,4,1,0,1703300,1703300
Arunachal Pradesh,247,East Kameng,East Kameng,2020-21,2021-22,16,17,8,8,1,1,0,0,1,1,78690,78690
Maharashtra,499,Jalgaon,Jalgaon,2020-21,2021-22,443,442,95,95,17,17,3,3,0,0,4229917,4229917
Uttar Pradesh,163,Kanpur Dehat,Kanpur Dehat,2020-21,2021-22,240,240,30,30,8,8,0,0,2,2,1796184,1796184
Uttar Pradesh,139,Baghpat,Baghpat,2020-21,2021-22,200,206,24,25,7,7,0,0,1,1,1303048,1303048
Uttarakhand,065,Champawat,Champawat,2020-21,2021-22,66,66,10,18,2,1,1,1,1,1,259648,259648
Haryana,081,Bhiwani,Bhiwani,2020-21,2021-22,139,139,26,26,6,6,3,3,1,1,1634445,1634445
Jammu And Kashmir,001,Kupwara,Kupwara,2020-21,2021-22,233,233,63,63,7,7,0,0,1,1,870354,870354
Punjab,040,Fatehgarh Sahib,Fatehgarh Sahib,2020-21,2021-22,73,73,15,15,5,5,1,1,1,1,600163,600163
Uttarakhand,062,Pithoragarh,Pithoragarh,2020-21,2021-22,161,161,18,54,4,4,0,0,1,1,483439,483439
Maharashtra,529,Sindhudurg,Sindhudurg,2020-21,2021-22,248,248,38,38,7,7,3,3,1,1,849651,849651
Gujarat,468,Kachchh,Kachchh,2020-21,2021-22,442,442,77,77,16,16,3,3,0,0,2092371,2092371
Andhra Pradesh,542,Srikakulam,Srikakulam,2020-21,2021-22,465,850,89,99,15,13,2,4,1,2,2703114,2703114
Rajasthan,101,Bikaner,Bikaner,2020-21,2021-22,421,420,70,71,18,18,0,0,0,0,2363937,2363937
Tamil Nadu,623,Madurai,Madurai,2020-21,2021-22,314,314,75,75,13,13,7,6,1,1,3038252,3038252
Tamil Nadu,620,Thanjavur,Thanjavur,2020-21,2021-22,309,309,63,63,14,14,13,13,1,1,2405890,2405890
Bihar,223,Khagaria,Khagaria,2020-21,2021-22,193,187,32,26,3,4,0,0,1,1,1666886,1666886
Jammu And Kashmir,020,Reasi,Reasi,2020-21,2021-22,103,103,33,33,2,2,0,0,1,1,314667,314667
Punjab,053,Sangrur,Sangrur,2020-21,2021-22,192,142,33,26,8,6,4,3,1,1,1655169,1655169
Odisha,384,Anugul,Anugul,2020-21,2021-22,166,166,31,32,9,9,3,3,1,1,1273821,1273821
Uttar Pradesh,166,Jhansi,Jhansi,2020-21,2021-22,338,338,45,45,12,12,0,0,2,2,1998603,1998603
Kerala,590,Wayanad,Wayanad,2020-21,2021-22,201,200,23,24,9,9,2,2,2,2,817420,817420
Arunachal Pradesh,259,Lohit,Lohit,2020-21,2021-22,12,13,4,4,2,2,0,0,1,1,145726,145726
Maharashtra,518,Mumbai Suburban,Mumbai Suburban,2020-21,2021-22,0,0,97,100,0,0,0,0,0,0,9356962,9356962
Jharkhand,360,Hazaribagh,Hazaribagh,2020-21,2021-22,129,140,13,16,4,8,0,1,1,0,1734495,1734495
Uttar Pradesh,199,Mirzapur,Mirzapur,2020-21,2021-22,263,263,39,39,16,16,0,0,2,2,2496970,2496970
Uttar Pradesh,170,Banda,Banda,2020-21,2021-22,277,277,52,53,4,4,0,0,2,2,1799410,1799410
Odisha,373,Deogarh,Deogarh,2020-21,2021-22,42,42,8,8,4,4,0,0,1,1,312520,312520
Jammu And Kashmir,013,Shopian,Shopian,2020-21,2021-22,57,57,16,16,2,2,0,0,1,1,266215,266215
Bihar,214,Saharsa,Saharsa,2020-21,2021-22,171,166,40,40,5,4,1,1,1,1,1900661,1900661
Uttar Pradesh,154,Sitapur,Sitapur,2020-21,2021-22,471,474,66,67,19,21,0,0,2,2,4483992,4483992
West Bengal,344,Medinipur West,Paschim Medinipur,2020-21,2021-22,639,639,68,67,21,21,2,2,0,0,5913457,5913457
Jharkhand,346,Garhwa,Garhwa,2020-21,2021-22,179,117,17,11,11,6,1,1,1,1,1322784,1322784
Rajasthan,110,Jaipur,Jaipur,2020-21,2021-22,621,628,181,182,37,41,1,0,1,1,6626178,6626178
Tamil Nadu,618,Nagapattinam,Nagapattinam,2020-21,2021-22,111,111,21,21,6,6,5,6,0,0,1616450,1616450
Madhya Pradesh,441,Barwani,Barwani,2020-21,2021-22,330,332,30,28,8,11,2,2,1,1,1385881,1385881
Delhi,098,South,South,2020-21,2021-22,0,0,36,32,0,0,0,0,1,4,2731929,2731929
Madhya Pradesh,418,Sheopur,Sheopur,2020-21,2021-22,106,106,13,13,3,4,0,0,1,1,687861,687861
Haryana,083,Jhajjar,Jhajjar,2020-21,2021-22,134,134,29,29,6,6,2,2,1,1,958405,958405
Mizoram,284,Champhai,Champhai,2020-21,2021-22,32,34,5,6,0,0,0,0,1,1,125745,125745
Karnataka,572,Bengaluru Urban,Bengaluru Urban,2020-21,2021-22,279,279,203,203,11,11,4,4,0,0,9621551,9621551
Gujarat,474,Ahmadabad,Ahmadabad,2020-21,2021-22,211,211,120,122,16,17,3,3,0,0,7214225,7214225
Chhattisgarh,412,Dhamtari,Dhamtari,2020-21,2021-22,182,182,26,26,4,4,1,1,1,1,799781,799781
Rajasthan,124,Dungarpur,Dungarpur,2020-21,2021-22,347,346,60,60,16,16,1,1,1,1,1388552,1388552
Bihar,231,Bhojpur,Bhojpur,2020-21,2021-22,303,300,45,39,10,10,1,1,1,1,2728407,2728407
Gujarat,475,Surendranagar,Surendranagar,2020-21,2021-22,348,349,56,56,12,12,2,2,1,1,1756268,1756268
Uttar Pradesh,144,Hathras,Hathras,2020-21,2021-22,194,194,27,27,7,7,0,0,2,2,1564708,1564708
Andhra Pradesh,554,Chittoor,Chittoor,2020-21,2021-22,644,1070,120,136,15,17,4,5,2,2,4174064,4174064
Karnataka,576,Kodagu,Kodagu,2020-21,2021-22,196,196,30,30,7,7,2,2,1,0,554519,554519
Andhra Pradesh,550,Spsr Nellore,Spsr Nellore,2020-21,2021-22,477,683,89,112,14,14,2,2,1,1,2963557,2963557
Bihar,236,Gaya,Gaya,2020-21,2021-22,473,473,86,73,18,18,2,2,1,1,4391418,4391418
Madhya Pradesh,458,Guna,Guna,2020-21,2021-22,161,162,19,22,5,6,1,1,1,1,1241519,1241519
Punjab,044,Sri Muktsar Sahib,Sri Muktsar Sahib,2020-21,2021-22,102,102,20,20,5,5,3,3,1,1,901896,901896
Madhya Pradesh,443,Vidisha,Vidisha,2020-21,2021-22,199,202,27,31,7,7,2,2,1,1,1458875,1458875
Maharashtra,522,Ahmednagar,Ahmednagar,2020-21,2021-22,565,565,106,107,23,23,2,2,1,1,4543159,4543159
Uttar Pradesh,145,Mathura,Mathura,2020-21,2021-22,205,206,34,34,12,12,0,0,3,3,2547184,2547184
West Bengal,339,Bankura,Bankura,2020-21,2021-22,564,564,73,73,22,22,1,1,1,1,3596674,3596674
Delhi,096,West,West,2020-21,2021-22,0,0,73,59,0,0,1,2,5,4,2543243,2543243
Odisha,393,Balangir,Balangir,2020-21,2021-22,226,226,48,48,15,15,2,2,1,1,1648997,1648997
Odisha,386,Khordha,Khordha,2020-21,2021-22,202,202,75,75,16,16,0,0,1,2,2251673,2251673
Tamil Nadu,629,Kanniyakumari,Kanyakumari,2020-21,2021-22,267,267,38,38,9,9,8,8,1,1,1870374,1870374
Bihar,239,Jehanabad,Jehanabad,2020-21,2021-22,107,110,40,33,6,6,0,0,1,1,1125313,1125313
Jammu And Kashmir,012,Pulwama,Pulwama,2020-21,2021-22,97,97,47,47,3,3,0,0,1,1,560440,560440
Meghalaya,293,West Garo Hills,West Garo Hills,2020-21,2021-22,67,67,15,15,5,5,0,1,2,2,643291,643291
Uttar Pradesh,141,Gautam Buddha Nagar,Gautam Buddha Nagar,2020-21,2021-22,128,128,37,37,5,5,0,0,2,2,1648115,1648115
Delhi,093,East,East,2020-21,2021-22,0,0,33,33,0,0,0,0,2,2,1709346,1709346
Assam,303,Barpeta,Barpeta,2020-21,2021-22,264,264,48,50,11,11,1,1,1,1,1693622,1693622
Nagaland,267,Tuensang,Tuensang,2020-21,2021-22,56,36,14,11,2,1,0,0,1,1,196596,196596
Rajasthan,102,Churu,Churu,2020-21,2021-22,436,442,99,99,16,18,2,2,1,1,2039547,2039547
Assam,315,Dima Hasao,Dima Hasao,2020-21,2021-22,76,76,12,12,3,3,0,0,1,1,214102,214102
Himachal Pradesh,024,Kangra,Kangra,2020-21,2021-22,449,439,85,81,19,20,22,21,1,1,1510075,1510075
Bihar,215,Darbhanga,Darbhanga,2020-21,2021-22,261,259,74,63,10,10,2,2,0,0,3937385,3937385
Assam,325,Darrang,Darrang,2020-21,2021-22,159,159,33,34,7,7,0,0,1,1,928500,928500
Bihar,220,Vaishali,Vaishali,2020-21,2021-22,337,336,52,49,7,5,1,1,1,1,3495021,3495021
Uttarakhand,066,Nainital,Nainital,2020-21,2021-22,136,136,20,48,8,10,4,4,1,1,954605,954605
Andhra Pradesh,553,Anantapur,Anantapur,2020-21,2021-22,586,910,108,129,15,15,2,6,1,1,4081148,4081148
Odisha,374,Sundargarh,Sundargarh,2020-21,2021-22,390,390,69,71,21,21,1,1,2,2,2093437,2093437
Gujarat,473,Gandhinagar,Gandhinagar,2020-21,2021-22,172,156,36,36,9,9,1,1,0,0,1391753,1391753
Maharashtra,505,Nagpur,Nagpur,2020-21,2021-22,316,316,84,105,10,10,2,2,0,0,4653570,4653570
Uttar Pradesh,151,Pilibhit,Pilibhit,2020-21,2021-22,199,199,31,28,6,9,0,0,2,2,2031007,2031007
Karnataka,579,Kalaburagi,Kalaburagi,2020-21,2021-22,335,323,102,102,16,16,6,6,0,0,2566326,2566326
Madhya Pradesh,455,Chhindwara,Chhindwara,2020-21,2021-22,334,313,69,71,11,9,4,6,1,1,2090922,2090922
Jharkhand,348,Koderma,Koderma,2020-21,2021-22,97,65,7,8,6,4,0,0,1,1,716259,716259
West Bengal,342,Kolkata,Kolkata,2020-21,2021-22,0,0,144,144,0,0,0,0,0,0,4496694,4496694
Madhya Pradesh,453,Dindori,Dindori,2020-21,2021-22,190,189,24,25,7,7,0,0,1,1,704524,704524
Jammu And Kashmir,016,Doda,Doda,2020-21,2021-22,163,163,42,42,3,3,0,0,0,0,409936,409936
Delhi,094,New Delhi,New Delhi,2020-21,2021-22,1,1,77,72,0,0,3,1,4,2,142004,142004
Tripura,290,South Tripura,South Tripura,2020-21,2021-22,147,148,18,18,5,5,2,2,1,1,876001,876001
Himachal Pradesh,033,Shimla,Shimla,2020-21,2021-22,245,245,115,114,17,17,12,13,1,1,814010,814010
Maharashtra,511,Nanded,Nanded,2020-21,2021-22,379,379,76,79,13,13,4,4,1,1,3361292,3361292
Jharkhand,355,Bokaro,Bokaro,2020-21,2021-22,115,115,20,25,8,9,3,3,1,1,2062330,2062330
Uttarakhand,056,Uttar Kashi,Uttar Kashi,2020-21,2021-22,82,82,10,29,4,4,0,0,1,1,330086,330086
Odisha,376,Mayurbhanj,Mayurbhanj,2020-21,2021-22,589,589,88,88,28,28,3,3,1,1,2519738,2519738
Assam,309,Tinsukia,Tinsukia,2020-21,2021-22,166,166,22,22,7,8,0,1,1,1,1327929,1327929
Uttar Pradesh,136,Rampur,Rampur,2020-21,2021-22,211,211,35,35,5,5,0,0,2,2,2335819,2335819
Mizoram,285,Serchhip,Serchhip,2020-21,2021-22,24,29,4,5,0,1,0,0,1,1,64937,64937
Tamil Nadu,627,Tuticorin,Thoothukudi,2020-21,2021-22,253,253,48,48,12,12,8,8,1,1,1750176,1750176
Chhattisgarh,400,Korea,Korya,2020-21,2021-22,196,196,31,31,5,5,0,0,1,1,658917,658917
Haryana,089,Palwal,Palwal,2020-21,2021-22,95,95,18,18,7,7,0,0,1,1,1042708,1042708
Assam,316,Cachar,Cachar,2020-21,2021-22,269,270,32,35,7,7,0,0,1,1,1736617,1736617
Madhya Pradesh,462,Sidhi,Sidhi,2020-21,2021-22,194,194,28,29,6,7,0,0,1,1,1127033,1127033
Himachal Pradesh,030,Bilaspur,Bilaspur,2020-21,2021-22,123,124,38,37,8,8,3,3,1,1,381956,381956
Madhya Pradesh,459,Ashoknagar,Ashoknagar,2020-21,2021-22,133,133,11,11,2,3,2,2,1,1,845071,845071
Maharashtra,525,Osmanabad,Osmanabad,2020-21,2021-22,211,215,46,46,6,6,4,4,1,1,1657576,1657576
Madhya Pradesh,419,Morena,Morena,2020-21,2021-22,236,239,25,26,6,5,4,5,1,1,1965970,1965970
Maharashtra,510,Yavatmal,Yavatmal,2020-21,2021-22,444,450,69,69,14,14,3,3,0,0,2772348,2772348
Uttar Pradesh,150,Bareilly,Bareilly,2020-21,2021-22,411,410,71,71,16,16,0,0,2,2,4448359,4448359
Uttar Pradesh,148,Mainpuri,Mainpuri,2020-21,2021-22,206,206,46,46,10,10,0,0,2,2,1868529,1868529
Goa,586,South Goa,South Goa,2020-21,2021-22,105,105,15,15,2,2,2,2,1,1,640537,640537
Maharashtra,502,Washim,Washim,2020-21,2021-22,150,150,27,27,6,6,1,1,1,1,1197160,1197160
Nagaland,271,Peren,Peren,2020-21,2021-22,18,18,8,7,1,2,0,0,1,1,95219,95219
Madhya Pradesh,426,Panna,Panna,2020-21,2021-22,156,157,17,18,6,5,0,1,1,1,1016520,1016520
Odisha,381,Cuttack,Cuttack,2020-21,2021-22,332,332,73,73,22,22,2,2,0,1,2624470,2624470
Tamil Nadu,630,Dharmapuri,Dharmapuri,2020-21,2021-22,218,218,43,43,8,8,3,3,1,1,1506843,1506843
Assam,323,Nalbari,Nalbari,2020-21,2021-22,124,124,44,44,11,11,0,0,1,1,771639,771639
Rajasthan,111,Sikar,Sikar,2020-21,2021-22,647,644,113,115,32,32,2,3,1,2,2677333,2677333
Madhya Pradesh,427,Sagar,Sagar,2020-21,2021-22,263,268,41,45,10,9,3,5,1,1,2378458,2378458
Maharashtra,498,Dhule,Dhule,2020-21,2021-22,232,232,47,47,5,5,2,2,1,1,2050862,2050862
Madhya Pradesh,429,Satna,Satna,2020-21,2021-22,310,307,54,53,9,12,2,3,1,1,2228935,2228935
Gujarat,480,Amreli,Amreli,2020-21,2021-22,248,248,44,44,12,12,3,3,0,0,1514190,1514190
Tamil Nadu,621,Pudukkottai,Pudukottai,2020-21,2021-22,242,242,63,63,13,13,12,12,1,1,1618345,1618345
Haryana,087,Nuh,Nuh,2020-21,2021-22,94,111,16,18,4,4,0,0,1,1,1089263,1089263
Madhya Pradesh,456,Seoni,Seoni,2020-21,2021-22,280,284,37,38,5,5,3,3,1,1,1379131,1379131
Uttar Pradesh,200,Sonbhadra,Sonbhadra,2020-21,2021-22,173,173,31,31,7,7,0,0,2,2,1862559,1862559
Uttar Pradesh,191,Azamgarh,Azamgarh,2020-21,2021-22,493,492,75,75,19,19,0,0,4,4,4613913,4613913
Chandigarh,055,Chandigarh,Chandigarh,2020-21,2021-22,0,0,43,43,2,2,1,1,1,1,1055450,1055450
Rajasthan,120,Tonk,Tonk,2020-21,2021-22,294,294,61,63,12,12,0,0,1,1,1421326,1421326
Rajasthan,105,Bharatpur,Bharatpur,2020-21,2021-22,396,396,73,74,22,26,1,0,1,0,2548462,2548462
Uttar Pradesh,156,Unnao,Unnao,2020-21,2021-22,357,361,48,48,13,17,0,0,2,2,3108367,3108367
Odisha,380,Jagatsinghapur,Jagatsinghapur,2020-21,2021-22,189,189,35,36,11,11,0,0,1,1,1136971,1136971
Uttar Pradesh,183,Gonda,Gonda,2020-21,2021-22,322,322,52,52,16,16,0,0,2,2,3433919,3433919
Mizoram,286,Lunglei,Lunglei,2020-21,2021-22,57,56,8,7,0,0,1,1,1,1,161428,161428
Punjab,045,Faridkot,Faridkot,2020-21,2021-22,62,62,11,11,3,3,1,1,1,1,617508,617508
Odisha,391,Boudh,Boudh,2020-21,2021-22,67,67,12,12,5,5,0,0,1,1,441162,441162
Arunachal Pradesh,257,Dibang Valley,Dibang Valley,2020-21,2021-22,5,5,1,1,0,0,0,0,1,1,8004,8004
Chhattisgarh,401,Surguja,Surguja,2020-21,2021-22,204,204,28,28,6,6,0,0,0,0,2359886,2359886
Haryana,080,Hisar,Hisar,2020-21,2021-22,198,198,31,32,10,9,2,3,1,1,1743931,1743931
Bihar,237,Nawada,Nawada,2020-21,2021-22,174,173,52,45,10,8,1,1,1,1,2219146,2219146
Telangana,541,Khammam,Khammam,2020-21,2021-22,226,224,30,30,3,1,0,2,1,1,2797370,2797370
Bihar,233,Kaimur (Bhabua),Kaimur (Bhabua),2020-21,2021-22,175,181,31,27,5,5,1,1,1,1,1626384,1626384
West Bengal,336,Nadia,Nadia,2020-21,2021-22,469,469,64,64,17,17,5,5,1,1,5167600,5167600
Madhya Pradesh,434,Ratlam,Ratlam,2020-21,2021-22,195,197,34,34,6,8,2,2,1,1,1455069,1455069
Uttar Pradesh,202,Kasganj,Kasganj,2020-21,2021-22,170,170,31,31,7,7,0,0,1,1,1436719,1436719
Assam,300,Kokrajhar,Kokrajhar,2020-21,2021-22,161,161,46,46,2,2,1,1,1,1,887142,887142
Uttar Pradesh,174,Kaushambi,Kaushambi,2020-21,2021-22,175,156,34,34,5,5,0,0,1,1,1599596,1599596
Punjab,047,Mansa,Mansa,2020-21,2021-22,103,103,15,15,4,4,2,2,1,1,769751,769751
Telangana,534,Karimnagar,Karimnagar,2020-21,2021-22,139,139,27,22,2,2,1,0,1,1,3776269,3776269
Madhya Pradesh,463,Singrauli,Singrauli,2020-21,2021-22,206,205,16,19,7,7,0,0,1,1,1178273,1178273
Tripura,292,North Tripura,North Tripura,2020-21,2021-22,99,99,15,16,3,4,1,1,1,1,693947,693947
Uttar Pradesh,175,Prayagraj,Prayagraj,2020-21,2021-22,562,581,86,86,20,20,0,0,5,5,5954391,5954391
Bihar,206,Sitamarhi,Sitamarhi,2020-21,2021-22,208,208,55,45,12,13,1,1,1,1,3423574,3423574
Manipur,272,Senapati,Senapati,2020-21,2021-22,33,32,8,8,1,1,0,0,1,1,479148,479148
Uttar Pradesh,185,Basti,Basti,2020-21,2021-22,273,273,41,41,14,14,0,0,3,3,2464464,2464464
Jharkhand,362,Dumka,Dumka,2020-21,2021-22,248,248,35,35,10,10,0,0,0,0,1321442,1321442
Gujarat,491,Valsad,Valsad,2020-21,2021-22,363,363,58,58,10,10,2,2,0,0,1705678,1705678
Maharashtra,531,Sangli,Sangli,2020-21,2021-22,320,328,70,75,15,14,2,2,0,0,2822143,2822143
Chhattisgarh,406,Bilaspur,Bilaspur,2020-21,2021-22,230,228,44,44,5,5,0,0,1,1,2663629,2663629
Himachal Pradesh,025,Lahul And Spiti,Lahul And Spiti,2020-21,2021-22,36,35,16,17,3,3,0,0,1,1,31564,31564
The Dadra And Nagar Haveli And Daman And Diu,496,Dadra and Nagar Haveli,Dadra And Nagar Haveli,2020-21,2021-22,71,71,10,10,2,2,1,1,0,0,343709,343709
Karnataka,566,Chitradurga,Chitradurga,2020-21,2021-22,343,328,86,86,11,11,5,5,1,1,1659456,1659456
Tamil Nadu,617,Cuddalore,Cuddalore,2020-21,2021-22,319,319,58,58,13,13,9,9,1,1,2605914,2605914
Madhya Pradesh,454,Mandla,Mandla,2020-21,2021-22,272,275,34,33,8,10,1,1,1,1,1054905,1054905
Rajasthan,115,Barmer,Barmer,2020-21,2021-22,729,729,105,106,26,26,1,1,1,1,2603751,2603751
Odisha,378,Bhadrak,Bhadrak,2020-21,2021-22,178,178,54,55,7,7,0,0,1,1,1506337,1506337
Uttarakhand,059,Tehri Garhwal,Tehri Garhwal,2020-21,2021-22,208,208,28,54,11,11,1,1,1,1,618931,618931
Jammu And Kashmir,021,Jammu,Jammu,2020-21,2021-22,162,162,101,101,9,9,0,0,2,1,1529958,1529958
Uttar Pradesh,162,Auraiya,Auraiya,2020-21,2021-22,165,165,26,25,7,8,0,0,2,2,1379545,1379545
Uttar Pradesh,172,Fatehpur,Fatehpur,2020-21,2021-22,321,321,47,47,11,11,0,0,2,2,2632733,2632733
Puducherry,634,Yanam,Yanam,2020-21,2021-22,4,4,0,0,0,0,0,0,1,1,55626,55626
Assam,318,Hailakandi,Hailakandi,2020-21,2021-22,107,107,13,13,4,4,0,0,1,1,659296,659296
Bihar,218,Siwan,Siwan,2020-21,2021-22,380,379,68,53,14,14,1,1,1,1,3330464,3330464
Kerala,593,Palakkad,Palakkad,2020-21,2021-22,502,504,81,81,19,19,6,6,3,3,2809934,2809934
Haryana,069,Panchkula,Panchkula,2020-21,2021-22,46,46,9,9,3,2,0,0,1,1,561293,561293
Rajasthan,122,Bhilwara,Bhilwara,2020-21,2021-22,524,523,82,84,27,27,1,0,0,0,2408523,2408523
Haryana,070,Ambala,Ambala,2020-21,2021-22,106,106,22,22,4,5,2,2,1,1,1128350,1128350
Telangana,532,Adilabad,Adilabad,2020-21,2021-22,126,126,27,27,2,1,0,1,0,0,2741239,2741239
Uttar Pradesh,176,Barabanki,Barabanki,2020-21,2021-22,350,352,57,57,19,19,0,0,3,3,3260699,3260699
Kerala,598,Alappuzha,Alappuzha,2020-21,2021-22,366,366,65,65,16,16,6,6,4,4,2127789,2127789
Karnataka,569,Udupi,Udupi,2020-21,2021-22,336,318,62,62,6,6,2,2,1,1,1177361,1177361
Uttar Pradesh,168,Hamirpur,Hamirpur,2020-21,2021-22,214,214,41,41,4,4,0,0,2,2,1104285,1104285
Arunachal Pradesh,249,Upper Subansiri,Upper Subansiri,2020-21,2021-22,20,23,5,5,4,4,0,0,1,1,83448,83448
Karnataka,561,Gadag,Gadag,2020-21,2021-22,190,188,42,42,2,2,4,4,2,0,1064570,1064570
Karnataka,563,Uttar Kannad,Uttara Kannada,2020-21,2021-22,344,344,85,85,3,3,10,10,1,0,1437169,1437169
Bihar,205,Sheohar,Sheohar,2020-21,2021-22,91,96,17,13,1,2,0,0,1,1,656246,656246
Tamil Nadu,616,Ariyalur,Ariyalur,2020-21,2021-22,117,117,33,33,6,6,3,3,0,0,754894,754894
Madhya Pradesh,444,Bhopal,Bhopal,2020-21,2021-22,65,66,53,59,2,3,3,4,1,1,2371061,2371061
Karnataka,567,Davangere,Davangere,2020-21,2021-22,268,227,90,89,4,4,4,4,0,1,1945497,1945497
Uttar Pradesh,171,Chitrakoot,Chitrakoot,2020-21,2021-22,134,134,28,28,6,6,0,0,1,1,991730,991730
West Bengal,333,Murshidabad,Murshidabad,2020-21,2021-22,832,832,83,83,27,27,4,4,0,0,7103807,7103807
Himachal Pradesh,026,Kullu,Kullu,2020-21,2021-22,99,99,23,23,5,5,4,4,1,1,437903,437903
Andhra Pradesh,547,Krishna,Krishna,2020-21,2021-22,593,855,125,152,12,13,2,2,1,1,4517398,4517398
Assam,301,Dhubri,Dhubri,2020-21,2021-22,187,192,34,34,7,7,1,1,1,1,1949258,1949258
Madhya Pradesh,438,Dhar,Dhar,2020-21,2021-22,473,477,52,53,11,15,4,4,1,1,2185793,2185793
Arunachal Pradesh,254,Tirap,Tirap,2020-21,2021-22,9,10,7,7,1,1,0,0,1,1,111975,111975
Maharashtra,528,Ratnagiri,Ratnagiri,2020-21,2021-22,378,378,70,70,8,8,3,3,1,1,1615069,1615069
Jharkhand,367,Simdega,Simdega,2020-21,2021-22,192,155,13,8,6,6,0,0,1,1,599578,599578
Bihar,213,Madhepura,Madhepura,2020-21,2021-22,272,272,42,27,8,8,1,1,1,1,2001762,2001762
Bihar,232,Buxar,Buxar,2020-21,2021-22,160,149,40,35,4,4,1,1,1,1,1706352,1706352
Jammu And Kashmir,002,Budgam,Budgam,2020-21,2021-22,136,136,70,70,9,9,0,0,1,1,753745,753745
Uttar Pradesh,160,Kannauj,Kannauj,2020-21,2021-22,191,189,35,35,11,11,0,0,2,2,1656616,1656616
Arunachal Pradesh,253,Changlang,Changlang,2020-21,2021-22,24,25,7,7,5,5,0,0,1,1,148226,148226
Tamil Nadu,619,Thiruvarur,Tiruvarur,2020-21,2021-22,195,195,40,40,10,10,7,7,1,1,1264277,1264277
Chhattisgarh,411,Mahasamund,Mahasamund,2020-21,2021-22,227,227,31,31,5,5,0,0,1,1,1032754,1032754
Assam,319,Bongaigaon,Bongaigaon,2020-21,2021-22,108,108,29,29,4,4,0,0,1,1,738804,738804
Uttar Pradesh,165,Jalaun,Jalaun,2020-21,2021-22,286,287,41,41,7,7,0,0,2,2,1689974,1689974
Uttar Pradesh,194,Jaunpur,Jaunpur,2020-21,2021-22,507,507,83,83,22,22,0,0,2,2,4494204,4494204
Karnataka,570,Chikkamagaluru,Chikkamagaluru,2020-21,2021-22,367,365,91,91,5,5,6,6,1,1,1137961,1137961
Manipur,275,Bishnupur,Bishnupur,2020-21,2021-22,33,33,7,7,2,2,0,0,1,1,237399,237399
Manipur,280,Chandel,Chandel,2020-21,2021-22,15,15,2,2,1,1,0,0,1,1,144182,144182
Karnataka,571,Tumakuru,Tumakuru,2020-21,2021-22,572,572,150,150,4,4,10,9,1,1,2678980,2678980
Uttar Pradesh,179,Sultanpur,Sultanpur,2020-21,2021-22,244,246,45,45,14,14,0,0,2,2,3797117,3797117
Madhya Pradesh,446,Raisen,Raisen,2020-21,2021-22,185,188,24,27,6,6,5,6,1,1,1331597,1331597
Jammu And Kashmir,011,Ganderbal,Ganderbal,2020-21,2021-22,60,60,30,30,1,1,0,0,1,1,297446,297446
Puducherry,636,Mahe,Mahe,2020-21,2021-22,4,4,1,1,1,1,0,0,1,1,41816,41816
Andaman And Nicobar Islands,640,South Andamans,South Andamans,2020-21,2021-22,39,39,15,15,1,1,0,0,1,0,238142,238142
Rajasthan,100,Hanumangarh,Hanumangarh,2020-21,2021-22,360,360,60,60,16,17,0,0,1,1,1774692,1774692
Uttarakhand,063,Bageshwar,Bageshwar,2020-21,2021-22,87,89,13,29,3,3,0,0,1,1,259898,259898
Tamil Nadu,602,Thiruvallur,Tiruvallur,2020-21,2021-22,303,303,54,54,14,14,11,11,0,0,3728104,3728104
Nagaland,264,Wokha,Wokha,2020-21,2021-22,40,40,13,14,2,2,0,0,1,1,166343,166343
Uttar Pradesh,142,Bulandshahar,Bulandshahr,2020-21,2021-22,344,346,71,68,10,13,0,0,4,4,3499171,3499171
Kerala,600,Kollam,Kollam,2020-21,2021-22,421,421,62,62,16,16,9,9,2,2,2635375,2635375
Odisha,399,Malkangiri,Malkangiri,2020-21,2021-22,158,158,27,27,6,6,2,2,1,1,613192,613192
Bihar,225,Banka,Banka,2020-21,2021-22,251,242,40,34,7,8,0,0,1,1,2034763,2034763
Punjab,049,Amritsar,Amritsar,2020-21,2021-22,179,179,44,44,8,8,2,2,1,1,2490656,2490656
Uttar Pradesh,177,Ayodhya,Ayodhya,2020-21,2021-22,255,249,34,34,12,12,0,0,4,4,2470996,2470996
Rajasthan,103,Jhunjhunu,Jhunjhunu,2020-21,2021-22,598,599,115,115,27,28,1,1,1,1,2137045,2137045
Andhra Pradesh,544,Visakhapatanam,Visakhapatanam,2020-21,2021-22,583,808,114,163,12,10,3,4,1,2,4290589,4290589
Uttar Pradesh,180,Bahraich,Bahraich,2020-21,2021-22,320,319,56,56,14,14,0,0,2,2,3487731,3487731
Punjab,046,Bathinda,Bathinda,2020-21,2021-22,136,136,24,24,9,9,3,3,1,1,1388525,1388525
Uttar Pradesh,188,Gorakhpur,Gorakhpur,2020-21,2021-22,529,532,85,85,15,15,0,0,2,2,4440895,4440895
Uttar Pradesh,140,Ghaziabad,Ghaziabad,2020-21,2021-22,146,146,66,66,4,4,0,0,3,3,4681645,4681645
Delhi,090,North West,North West,2020-21,2021-22,1,0,64,59,0,0,1,1,5,3,3656539,3656539
Tamil Nadu,625,Virudhunagar,Virudhunagar,2020-21,2021-22,245,245,47,47,11,11,10,10,0,0,1942288,1942288
Madhya Pradesh,467,Burhanpur,Burhanpur,2020-21,2021-22,98,101,16,17,4,4,0,0,1,1,757847,757847
Telangana,538,Mahabubnagar,Mahabubnagar,2020-21,2021-22,129,129,20,23,2,2,0,0,0,0,4053028,4053028
Rajasthan,129,Jhalawar,Jhalawar,2020-21,2021-22,323,323,44,45,14,14,1,0,0,0,1411129,1411129
Gujarat,476,Rajkot,Rajkot,2020-21,2021-22,347,347,82,82,12,12,5,0,1,1,3804558,3804558
Tamil Nadu,606,Tiruvannamalai,Tiruvannamalai,2020-21,2021-22,410,410,81,81,18,18,9,9,1,1,2464875,2464875
Andhra Pradesh,543,Vizianagaram,Vizianagaram,2020-21,2021-22,431,673,76,88,11,8,1,3,1,2,2344474,2344474
Jharkhand,366,Gumla,Gumla,2020-21,2021-22,140,243,16,2,8,10,0,0,1,1,1025213,1025213
Delhi,095,Central,Central,2020-21,2021-22,1,1,76,70,0,0,4,4,6,8,582320,582320
Assam,302,Goalpara,Goalpara,2020-21,2021-22,155,155,37,37,7,7,0,0,1,1,1008183,1008183
Bihar,207,Madhubani,Madhubani,2020-21,2021-22,429,436,97,85,15,13,3,3,1,1,4487379,4487379
Maharashtra,503,Amravati,Amravati,2020-21,2021-22,339,334,75,75,10,9,4,5,1,1,2888445,2888445
Jharkhand,368,West Singhbhum,Pashchmi Singhbhum,2020-21,2021-22,155,343,7,16,6,13,1,1,1,1,1502338,1502338
Uttar Pradesh,152,Shahjahanpur,Shahjahanpur,2020-21,2021-22,298,298,47,47,17,17,0,0,2,2,3006538,3006538
Tamil Nadu,614,Tiruchirappalli,Tiruchirapalli,2020-21,2021-22,307,307,70,70,14,14,9,9,1,1,2722290,2722290
Chhattisgarh,404,Korba,Korba,2020-21,2021-22,285,285,39,39,6,6,0,0,1,1,1206640,1206640
Haryana,077,Jind,Jind,2020-21,2021-22,170,173,27,27,7,7,3,3,1,1,1334152,1334152
Karnataka,564,Haveri,Haveri,2020-21,2021-22,310,310,72,72,5,5,6,6,1,1,1597668,1597668
West Bengal,327,Darjeeling,Darjeeling,2020-21,2021-22,181,181,28,28,9,9,1,1,2,2,1846823,1846823
Haryana,078,Fatehabad,Fatehabad,2020-21,2021-22,131,131,21,23,5,7,1,1,1,1,942011,942011
Goa,585,North Goa,North Goa,2020-21,2021-22,114,114,12,13,4,4,0,0,1,1,818008,818008
Tamil Nadu,603,Chennai,Chennai,2020-21,2021-22,0,0,144,144,15,15,4,5,0,0,4646732,4646732
Ladakh,003,Leh Ladakh,Leh Ladakh,2020-21,2021-22,139,138,16,17,3,3,0,0,1,1,133487,133487
Bihar,235,Aurangabad,Aurangabad,2020-21,2021-22,254,248,72,68,8,8,1,1,1,1,2540073,2540073
Gujarat,471,Mahesana,Mahesana,2020-21,2021-22,295,295,63,63,13,13,3,3,1,1,2035064,2035064
Madhya Pradesh,461,Anuppur,Anuppur,2020-21,2021-22,164,162,22,22,8,9,0,0,1,1,749237,749237
Uttar Pradesh,201,Etah,Etah,2020-21,2021-22,191,191,34,34,4,4,0,0,2,2,1774480,1774480
Mizoram,288,Saiha,Saiha,2020-21,2021-22,27,25,5,4,1,0,0,0,1,1,56574,56574
Haryana,088,Faridabad,Faridabad,2020-21,2021-22,61,61,25,26,8,2,1,1,1,1,1809733,1809733
Uttarakhand,057,Chamoli,Chamoli,2020-21,2021-22,111,111,12,39,5,5,1,1,1,1,391605,391605
Uttar Pradesh,147,Firozabad,Firozabad,2020-21,2021-22,220,217,71,71,5,5,0,0,3,3,2498156,2498156
Jharkhand,364,Ranchi,Ranchi,2020-21,2021-22,54,324,8,35,4,15,1,1,1,1,2914253,2914253
Rajasthan,118,Pali,Pali,2020-21,2021-22,475,475,87,86,25,26,1,1,1,1,2037573,2037573
Uttar Pradesh,181,Shravasti,Shravasti,2020-21,2021-22,125,125,12,12,6,6,0,0,1,1,1117361,1117361
Bihar,221,Samastipur,Samastipur,2020-21,2021-22,362,358,74,59,12,12,4,4,1,1,4261566,4261566
Andhra Pradesh,551,Y.S.R.,Y.S.R.,2020-21,2021-22,448,681,91,110,12,9,1,4,1,1,2882469,2882469
Haryana,085,Rewari,Rewari,2020-21,2021-22,114,114,16,19,5,5,1,1,1,1,900332,900332
Uttar Pradesh,159,Farrukhabad,Farrukhabad,2020-21,2021-22,192,214,31,31,8,8,0,0,3,3,1885204,1885204
Assam,305,Nagaon,Nagaon,2020-21,2021-22,258,258,72,72,13,13,0,0,1,1,2823768,2823768
Madhya Pradesh,448,Harda,Harda,2020-21,2021-22,80,81,7,8,4,4,0,0,1,1,570465,570465
Meghalaya,296,West Khasi Hills,West Khasi Hills,2020-21,2021-22,47,46,16,17,2,2,0,0,2,2,383461,383461
Chhattisgarh,414,Bastar,Bastar,2020-21,2021-22,243,243,39,40,7,7,1,1,1,1,1413199,1413199
Jammu And Kashmir,019,Udhampur,Udhampur,2020-21,2021-22,146,146,49,49,2,2,0,0,1,1,554985,554985
Maharashtra,509,Chandrapur,Chandrapur,2020-21,2021-22,339,339,67,67,10,10,3,3,0,0,2204307,2204307
Manipur,276,Thoubal,Thoubal,2020-21,2021-22,37,37,10,10,3,3,0,0,1,1,422168,422168
Bihar,217,Gopalganj,Gopalganj,2020-21,2021-22,185,189,36,30,10,10,1,1,1,1,2562012,2562012
Gujarat,487,Narmada,Narmada,2020-21,2021-22,174,174,28,28,3,3,2,2,1,1,590297,590297
Punjab,048,Patiala,Patiala,2020-21,2021-22,185,185,40,40,10,10,3,3,1,1,1895686,1895686
Jharkhand,359,Latehar,Latehar,2020-21,2021-22,74,97,7,7,4,6,0,0,1,1,726978,726978
Nagaland,266,Phek,Phek,2020-21,2021-22,48,49,23,22,3,4,0,0,1,1,163418,163418
Andaman And Nicobar Islands,638,Nicobars,Nicobars,2020-21,2021-22,41,41,4,4,1,1,0,0,1,1,36842,36842
Tripura,291,Dhalai,Dhalai,2020-21,2021-22,121,121,16,16,2,2,3,3,1,1,378230,378230
Madhya Pradesh,460,Shahdol,Shahdol,2020-21,2021-22,229,229,32,32,7,8,1,2,1,1,1066063,1066063
Uttar Pradesh,186,Sant Kabir Nagar,Sant Kabeer Nagar,2020-21,2021-22,185,183,23,23,4,4,0,0,1,1,1715183,1715183
Maharashtra,512,Hingoli,Hingoli,2020-21,2021-22,132,132,27,27,3,3,2,2,1,1,1177345,1177345
Karnataka,582,Chikballapur,Chikkaballapura,2020-21,2021-22,203,200,61,61,2,2,5,5,1,1,1255104,1255104
Madhya Pradesh,450,Katni,Katni,2020-21,2021-22,162,169,24,25,6,7,1,1,1,1,1292042,1292042
Gujarat,484,Panch Mahals,Panch Mahals,2020-21,2021-22,300,300,54,54,12,12,1,1,1,1,2390776,2390776
Odisha,372,Sambalpur,Sambalpur,2020-21,2021-22,167,167,36,37,11,11,2,2,0,1,1041099,1041099
Uttar Pradesh,173,Pratapgarh,Pratapgarh,2020-21,2021-22,355,355,60,60,21,21,0,0,2,2,3209141,3209141
Kerala,596,Idukki,Idukki,2020-21,2021-22,309,309,41,41,13,13,4,4,2,2,1108974,1108974
Bihar,210,Kishanganj,Kishanganj,2020-21,2021-22,156,258,19,16,4,4,0,0,1,1,1690400,1690400
Uttar Pradesh,153,Kheri,Kheri,2020-21,2021-22,386,386,59,62,15,15,0,0,2,2,4021243,4021243
Bihar,219,Saran,Saran,2020-21,2021-22,391,394,57,52,14,14,1,1,1,1,3951862,3951862
Tamil Nadu,612,Dindigul,Dindigul,2020-21,2021-22,311,311,59,59,14,14,12,12,0,0,2159775,2159775
Maharashtra,504,Wardha,Wardha,2020-21,2021-22,181,181,32,32,8,9,2,2,1,1,1300774,1300774
Tamil Nadu,608,Salem,Salem,2020-21,2021-22,398,398,87,87,20,20,11,11,1,1,3482056,3482056
West Bengal,340,Purulia,Purulia,2020-21,2021-22,485,485,55,56,20,20,1,1,0,0,2930115,2930115
Puducherry,637,Karaikal,Karaikal,2020-21,2021-22,17,17,11,11,1,1,1,0,1,1,200222,200222
Arunachal Pradesh,245,Tawang,Tawang,2020-21,2021-22,12,12,6,6,2,2,0,0,1,1,49977,49977
Maharashtra,519,Mumbai,Mumbai,2020-21,2021-22,0,0,37,38,0,0,0,0,0,0,3085411,3085411
Uttar Pradesh,169,Mahoba,Mahoba,2020-21,2021-22,150,150,16,16,5,5,0,0,2,2,875958,875958
Punjab,042,Moga,Moga,2020-21,2021-22,122,122,23,23,6,6,0,0,1,1,995746,995746
Telangana,536,Hyderabad,Hyderabad,2020-21,2021-22,152,133,85,85,9,9,3,3,1,1,3943323,3943323
Rajasthan,125,Banswara,Banswara,2020-21,2021-22,455,455,58,58,22,22,0,0,1,1,1797485,1797485
West Bengal,330,Dinajpur Uttar,Uttar Dinajpur,2020-21,2021-22,344,344,24,24,9,9,2,2,0,0,3007134,3007134
Madhya Pradesh,420,Bhind,Bhind,2020-21,2021-22,207,209,28,32,6,8,2,2,1,1,1703005,1703005
Punjab,052,S.A.S Nagar,S.A.S Nagar,2020-21,2021-22,76,76,19,19,5,5,2,2,1,1,994628,994628
Uttar Pradesh,149,Budaun,Budaun,2020-21,2021-22,291,291,55,51,10,14,0,0,2,2,3681896,3681896
Manipur,277,Imphal West,Imphal West,2020-21,2021-22,52,54,12,12,2,2,0,0,0,0,517992,517992
Bihar,209,Araria,Araria,2020-21,2021-22,242,221,46,39,7,6,1,1,1,1,2811569,2811569
Arunachal Pradesh,255,Lower Subansiri,Lower Subansiri,2020-21,2021-22,22,23,5,5,2,2,0,0,1,1,83030,83030
Haryana,071,Yamunanagar,Yamunanagar,2020-21,2021-22,113,113,19,20,7,7,1,1,1,1,1214205,1214205
Rajasthan,116,Jalore,Jalore,2020-21,2021-22,409,408,69,71,12,12,0,0,1,1,1828730,1828730
Meghalaya,294,East Garo Hills,East Garo Hills,2020-21,2021-22,31,31,8,9,1,1,0,0,1,1,317917,317917
Nagaland,268,Longleng,Longleng,2020-21,2021-22,10,10,3,3,0,0,0,0,1,1,50484,50484
Tamil Nadu,622,Sivaganga,Sivaganga,2020-21,2021-22,275,275,40,40,12,12,16,16,1,1,1339101,1339101
Odisha,398,Koraput,Koraput,2020-21,2021-22,307,307,51,51,16,16,0,0,0,1,1379647,1379647
Himachal Pradesh,023,Chamba,Chamba,2020-21,2021-22,177,178,44,46,5,5,6,7,0,0,519080,519080
Telangana,537,Ranga Reddy,Ranga Reddy,2020-21,2021-22,269,265,48,40,7,6,2,3,0,0,5296741,5296741
Uttar Pradesh,164,Kanpur Nagar,Kanpur Nagar,2020-21,2021-22,390,391,92,92,10,10,0,0,5,5,4581268,4581268
Karnataka,581,Kolar,Kolar,2020-21,2021-22,266,240,68,68,2,2,5,5,0,1,1536401,1536401
Assam,324,Baksa,Baksa,2020-21,2021-22,157,157,35,35,8,8,0,0,1,1,950075,950075
Manipur,279,Ukhrul,Ukhrul,2020-21,2021-22,18,18,6,6,0,0,0,0,1,1,183998,183998
Uttar Pradesh,198,Bhadohi,Bhadohi,2020-21,2021-22,161,161,17,17,6,6,0,0,2,2,1578213,1578213
Madhya Pradesh,423,Shivpuri,Shivpuri,2020-21,2021-22,254,251,18,20,9,9,0,0,1,1,1726050,1726050
Haryana,086,Gurugram,Gurugram,2020-21,2021-22,80,80,29,31,3,3,2,2,1,1,1514432,1514432
Kerala,595,Ernakulam,Ernakulam,2020-21,2021-22,410,410,90,90,23,24,11,11,4,4,3282388,3282388
Arunachal Pradesh,250,West Siang,West Siang,2020-21,2021-22,12,15,6,6,2,2,0,0,1,1,112274,112274
Ladakh,004,Kargil,Kargil,2020-21,2021-22,150,150,16,16,4,4,0,0,1,1,140802,140802
Bihar,227,Lakhisarai,Lakhisarai,2020-21,2021-22,102,102,18,19,3,3,0,0,1,1,1000912,1000912
Chhattisgarh,416,Dantewada,Dantewada,2020-21,2021-22,76,76,13,13,4,4,0,0,1,1,533638,533638
Tripura,289,West Tripura,West Tripura,2020-21,2021-22,171,171,20,20,3,3,0,0,1,1,1725739,1725739
Rajasthan,123,Rajsamand,Rajsamand,2020-21,2021-22,262,262,46,44,14,16,1,1,1,1,1156597,1156597
Meghalaya,295,South Garo Hills,South Garo Hills,2020-21,2021-22,21,26,7,7,1,1,0,0,1,1,142334,142334
Telangana,535,Medak,Medak,2020-21,2021-22,156,155,19,20,3,2,2,1,0,0,3033288,3033288
Jharkhand,352,Sahebganj,Sahebganj,2020-21,2021-22,324,136,34,12,14,6,1,1,1,1,1150567,1150567
Odisha,388,Ganjam,Ganjam,2020-21,2021-22,460,460,101,101,28,28,4,4,0,1,3529031,3529031
Odisha,385,Nayagarh,Nayagarh,2020-21,2021-22,166,166,38,38,12,12,1,1,1,1,962789,962789
Jammu And Kashmir,015,Kulgam,Kulgam,2020-21,2021-22,118,118,45,45,3,3,0,0,1,1,424483,424483
Odisha,371,Jharsuguda,Jharsuguda,2020-21,2021-22,66,66,20,20,6,6,0,0,1,1,579505,579505
Mizoram,283,Aizawl,Aizawl,2020-21,2021-22,73,67,11,12,3,3,1,1,2,2,400309,400309
Rajasthan,104,Alwar,Alwar,2020-21,2021-22,699,697,130,129,40,42,1,0,1,1,3674179,3674179
Assam,307,Lakhimpur,Lakhimpur,2020-21,2021-22,149,149,29,29,8,9,1,1,1,0,1042137,1042137
Assam,304,Marigaon,Marigaon,2020-21,2021-22,122,122,34,34,6,6,0,0,1,1,957423,957423
West Bengal,341,Howrah,Howrah,2020-21,2021-22,448,448,74,74,15,15,7,7,1,1,4850029,4850029
Uttar Pradesh,190,Deoria,Deoria,2020-21,2021-22,320,320,76,77,16,16,0,0,2,2,3100946,3100946
Karnataka,568,Shivamogga,Shivamogga,2020-21,2021-22,357,344,108,107,7,7,7,6,1,0,1752753,1752753
Manipur,278,Imphal East,Imphal East,2020-21,2021-22,43,44,14,14,1,1,0,0,0,0,456113,456113
Kerala,599,Pathanamthitta,Pathanamthitta,2020-21,2021-22,261,261,45,45,12,12,4,4,3,3,1197412,1197412
Jharkhand,350,Deoghar,Deoghar,2020-21,2021-22,180,180,8,10,7,7,1,1,1,1,1492073,1492073
Kerala,592,Malappuram,Malappuram,2020-21,2021-22,578,588,97,98,21,21,7,7,4,5,4112920,4112920
Odisha,390,Kandhamal,Kandhamal,2020-21,2021-22,172,172,40,41,14,14,1,1,1,1,733110,733110
West Bengal,345,Medinipur East,Purba Medinipur,2020-21,2021-22,706,706,59,59,24,24,4,4,2,2,5095875,5095875
Odisha,394,Nuapada,Nuapada,2020-21,2021-22,95,95,17,17,5,5,1,1,1,1,610382,610382
Karnataka,583,Bengaluru Rural,Bengaluru Rural,2020-21,2021-22,199,199,50,50,2,2,4,4,0,0,990923,990923
Punjab,038,Hoshiarpur,Hoshiarpur,2020-21,2021-22,244,244,33,33,12,12,3,3,1,1,1586625,1586625
Haryana,074,Karnal,Karnal,2020-21,2021-22,146,146,25,25,6,8,1,1,1,1,1505324,1505324
Bihar,224,Bhagalpur,Bhagalpur,2020-21,2021-22,362,327,77,66,10,11,2,2,1,1,3037766,3037766
Himachal Pradesh,031,Solan,Solan,2020-21,2021-22,182,182,42,43,7,7,7,7,1,1,580320,580320
Uttar Pradesh,182,Balrampur,Balrampur,2020-21,2021-22,215,215,26,26,9,9,0,0,3,3,2148665,2148665
Bihar,208,Supaul,Supaul,2020-21,2021-22,181,173,27,29,6,6,1,1,1,1,2229076,2229076
Nagaland,263,Zunheboto,Zunheboto,2020-21,2021-22,47,47,13,13,2,2,0,0,1,1,140757,140757
Madhya Pradesh,422,Datia,Datia,2020-21,2021-22,110,110,12,13,4,4,1,2,1,1,786754,786754
West Bengal,338,Hooghly,Hooghly,2020-21,2021-22,660,660,89,89,18,18,4,4,1,1,5519145,5519145
Andhra Pradesh,546,West Godavari,West Godavari,2020-21,2021-22,635,940,113,128,14,10,3,6,1,1,3936966,3936966
Andhra Pradesh,548,Guntur,Guntur,2020-21,2021-22,680,885,119,163,18,17,2,3,1,1,4887813,4887813
Uttar Pradesh,197,Varanasi,Varanasi,2020-21,2021-22,320,320,51,51,12,13,0,0,4,5,3676841,3676841
Gujarat,478,Porbandar,Porbandar,2020-21,2021-22,84,84,17,17,4,4,0,5,1,1,585449,585449
Delhi,092,North East,North East,2020-21,2021-22,0,0,29,27,0,0,0,1,1,1,2241624,2241624
Jharkhand,365,Khunti,Khunti,2020-21,2021-22,65,108,8,5,4,5,0,0,1,1,531885,531885
Madhya Pradesh,465,Alirajpur,Alirajpur,2020-21,2021-22,185,194,15,15,7,8,0,0,1,1,728999,728999
Himachal Pradesh,034,Kinnaur,Kinnaur,2020-21,2021-22,35,35,23,25,4,4,1,1,1,1,84121,84121
Madhya Pradesh,428,Damoh,Damoh,2020-21,2021-22,175,178,19,20,6,6,1,1,1,1,1264219,1264219
Karnataka,577,Mysuru,Mysuru,2020-21,2021-22,510,510,147,147,10,10,6,6,3,1,3001127,3001127
Rajasthan,113,Jodhpur,Jodhpur,2020-21,2021-22,651,649,105,109,27,27,1,0,0,2,3687165,3687165
Haryana,073,Kaithal,Kaithal,2020-21,2021-22,144,144,24,24,6,6,0,0,1,1,1074304,1074304
Gujarat,492,Surat,Surat,2020-21,2021-22,358,343,102,105,20,20,2,2,0,0,6081322,6081322
Karnataka,580,Yadgir,Yadgir,2020-21,2021-22,169,169,44,44,6,6,2,2,1,1,1174271,1174271
Karnataka,557,Vijayapura,Vijayapura,2020-21,2021-22,311,311,66,66,9,9,4,4,0,1,2177331,2177331
Gujarat,485,Dohad,Dohad,2020-21,2021-22,637,637,99,99,20,20,2,2,0,0,2127086,2127086
Maharashtra,507,Gondia,Gondia,2020-21,2021-22,258,258,41,41,10,10,1,1,0,0,1322507,1322507
Andaman And Nicobar Islands,639,North And Middle Andaman,North And Middle Andaman,2020-21,2021-22,44,44,8,8,2,2,0,0,1,1,105597,105597
Assam,321,Kamrup,Kamrup,2020-21,2021-22,280,280,65,65,13,13,1,1,1,1,1517542,1517542
Maharashtra,506,Bhandara,Bhandara,2020-21,2021-22,193,193,34,34,7,7,2,2,1,1,1200334,1200334
Tamil Nadu,633,Tiruppur,Tirupur,2020-21,2021-22,242,242,54,54,13,13,9,9,0,0,2479052,2479052
Maharashtra,527,Satara,Satara,2020-21,2021-22,401,402,76,76,15,15,2,2,1,1,3003741,3003741
Odisha,379,Kendrapara,Kendrapara,2020-21,2021-22,227,227,46,47,8,8,1,1,1,1,1440361,1440361
West Bengal,334,Birbhum,Birbhum,2020-21,2021-22,484,484,62,62,19,19,1,1,1,1,3502404,3502404
Odisha,370,Bargarh,Bargarh,2020-21,2021-22,204,204,49,49,15,15,1,1,1,1,1481255,1481255
Jharkhand,357,East Singhbum,Purbi Singhbum,2020-21,2021-22,117,243,11,25,6,11,1,1,1,1,2293919,2293919
Uttarakhand,058,Rudra Prayag,Rudra Prayag,2020-21,2021-22,73,75,15,38,2,2,0,0,1,1,242285,242285
Rajasthan,117,Sirohi,Sirohi,2020-21,2021-22,223,223,30,30,10,10,0,0,1,1,1036346,1036346
Jharkhand,353,Pakur,Pakur,2020-21,2021-22,171,121,24,10,7,5,2,0,1,1,900422,900422
Rajasthan,130,Udaipur,Udaipur,2020-21,2021-22,623,621,108,110,31,33,1,1,0,0,3068420,3068420
Madhya Pradesh,466,East Nimar,East Nimar,2020-21,2021-22,180,185,32,31,7,9,1,1,1,1,1310061,1310061
Madhya Pradesh,464,Jhabua,Jhabua,2020-21,2021-22,291,294,21,19,5,8,2,2,1,1,1025048,1025048
Uttarakhand,060,Dehradun,Dehradun,2020-21,2021-22,181,181,31,57,5,5,4,4,1,1,1696694,1696694
Uttarakhand,061,Pauri Garhwal,Pauri Garhwal,2020-21,2021-22,222,225,31,94,5,13,2,2,1,1,687271,687271
Uttar Pradesh,184,Siddharth Nagar,Siddharth Nagar,2020-21,2021-22,278,278,64,64,8,8,0,0,1,1,2559297,2559297
Uttar Pradesh,134,Bijnor,Bijnor,2020-21,2021-22,343,343,62,62,11,11,0,0,2,2,3682713,3682713
Bihar,216,Muzaffarpur,Muzaffarpur,2020-21,2021-22,520,520,104,88,14,14,0,0,1,1,4801062,4801062
Maharashtra,526,Solapur,Solapur,2020-21,2021-22,427,430,95,96,16,16,3,3,0,0,4317756,4317756
Punjab,054,Barnala,Barnala,2020-21,2021-22,71,71,12,12,4,4,1,1,1,1,595527,595527
Uttar Pradesh,193,Ballia,Ballia,2020-21,2021-22,367,367,81,77,9,14,0,0,2,2,3239774,3239774
Mizoram,287,Lawngtlai,Lawngtlai,2020-21,2021-22,35,38,6,5,1,1,0,0,1,1,117894,117894
Karnataka,560,Koppal,Koppal,2020-21,2021-22,176,173,48,48,9,9,3,3,1,0,1389920,1389920
Madhya Pradesh,430,Rewa,Rewa,2020-21,2021-22,315,322,43,44,9,10,3,3,1,1,2365106,2365106
Nagaland,261,Mon,Mon,2020-21,2021-22,55,57,15,14,2,3,0,0,1,1,250260,250260
Uttar Pradesh,189,Kushi Nagar,Kushi Nagar,2020-21,2021-22,368,367,55,55,16,16,0,0,1,1,3564544,3564544
Madhya Pradesh,425,Chhatarpur,Chhatarpur,2020-21,2021-22,235,239,41,42,10,11,0,1,1,1,1762375,1762375
Gujarat,472,Sabar Kantha,Sabar Kantha,2020-21,2021-22,281,281,49,49,12,12,2,2,0,0,2428589,2428589
Madhya Pradesh,432,Neemuch,Neemuch,2020-21,2021-22,104,105,18,19,3,2,2,3,1,1,826067,826067
Gujarat,493,Tapi,Tapi,2020-21,2021-22,241,241,39,39,6,6,2,2,1,1,807022,807022
