state,district,sub_centres,phcs,chcs,sub_divisional_hospital,district_hospital,year,lgd_matched_name,district_census2011_code,match_type,population,sub_centres_per_100k,phcs_per_100k,chcs_per_100k,sub_divisional_hospital_per_100k,district_hospital_per_100k,sub_centres_per_100k_norm,phcs_per_100k_norm,chcs_per_100k_norm,sub_divisional_hospital_per_100k_norm,district_hospital_per_100k_norm,D_HAI_v1,underserved,district_id,underserved_next_year,year_num,next_year_num,is_consecutive
Rajasthan,Ganganagar,415,62,18,0,1,2019-20,Ganganagar,99.0,exact,1969168.0,21.074890512135074,3.1485378596442763,0.9140916366709189,0.0,0.050782868703939936,0.5962462863213586,0.36750990146603585,0.5566975955881321,0.0,0.2224183005208291,0.34857441677927115,0,99.0,0,2019,2020.0,True
Rajasthan,Ganganagar,419,64,18,0,1,2020-21,Ganganagar,99.0,exact,1969168.0,21.278021986950836,3.250103597052156,0.9140916366709189,0.0,0.050782868703939936,0.601993238478673,0.380759982241796,0.5566975955881321,0.0,0.2224183005208291,0.3523738233658861,0,99.0,0,2020,,False
Rajasthan,Hanumangarh,361,59,16,0,1,2019-20,Hanumangarh,100.0,exact,1774692.0,20.341557859053854,3.3245205365212667,0.9015648912600045,0.0,0.05634780570375028,0.5754989960430961,0.39046828037673453,0.5490685912618282,0.0,0.24679155594322846,0.3523654847249774,0,100.0,0,2019,2020.0,True
Rajasthan,Hanumangarh,360,60,16,0,1,2020-21,Hanumangarh,100.0,exact,1774692.0,20.285210053350102,3.380868342225017,0.9015648912600045,0.0,0.05634780570375028,0.5739048159986554,0.3978193122912984,0.5490685912618282,0.0,0.24679155594322846,0.3535168550990021,0,100.0,0,2020,,False
Rajasthan,Bikaner,419,72,17,0,0,2019-20,Bikaner,101.0,exact,2363937.0,17.724668635416258,3.045766448090622,0.7191393002436189,0.0,0.0,0.5014625268899178,0.3541025306412052,0.43796825534536815,0.0,0.0,0.25870666257529823,0,101.0,0,2019,2020.0,True
Rajasthan,Bikaner,421,70,18,0,0,2020-21,Bikaner,101.0,exact,2363937.0,17.80927325897433,2.9611618245325486,0.7614416120226555,0.0,0.0,0.5038561427700605,0.34306516582943475,0.46373109389509576,0.0,0.0,0.26213048049891824,0,101.0,0,2020,,False
Rajasthan,Churu,436,102,16,2,1,2019-20,Churu,102.0,exact,2039547.0,21.377296036816016,5.001110540723014,0.7844879279565512,0.0980609909945689,0.04903049549728445,0.604801878624448,0.6091931530598503,0.47776669837156804,0.04618860626076935,0.21474327387405148,0.39053872203813744,0,102.0,0,2019,2020.0,True
Rajasthan,Churu,436,99,16,2,1,2020-21,Churu,102.0,exact,2039547.0,21.377296036816016,4.85401905423116,0.7844879279565512,0.0980609909945689,0.04903049549728445,0.604801878624448,0.5900038661291921,0.47776669837156804,0.04618860626076935,0.21474327387405148,0.3867008646520058,0,102.0,0,2020,,False
Rajasthan,Jhunjhunu,592,116,26,0,1,2019-20,Jhunjhunu,103.0,exact,2137045.0,27.701803190854662,5.42805603064044,1.2166332482469953,0.0,0.046793586471038276,0.7837334797749763,0.6648916826292671,0.7409506627567081,0.0,0.20494608208998874,0.47890438145018804,0,103.0,0,2019,2020.0,True
Rajasthan,Jhunjhunu,598,115,27,1,1,2020-21,Jhunjhunu,103.0,exact,2137045.0,27.98256470968089,5.381262444169402,1.2634268347180335,0.046793586471038276,0.046793586471038276,0.7916767245024253,0.6587870767222689,0.7694487651704276,0.022040676104933057,0.20494608208998874,0.48937986491800867,0,103.0,0,2020,,False
Rajasthan,Alwar,684,133,37,0,1,2019-20,Alwar,104.0,exact,3674179.0,18.61640382790278,3.619856299869985,1.0070276924450332,0.0,0.027216964660676576,0.5266913078696337,0.4289972451655799,0.6132972588137129,0.0,0.11920458965118466,0.3376380803000222,0,104.0,0,2019,2020.0,True
Rajasthan,Alwar,699,130,40,1,1,2020-21,Alwar,104.0,exact,3674179.0,19.024658297812927,3.5382054058879544,1.088678586427063,0.027216964660676576,0.027216964660676576,0.538241555849231,0.418345218524645,0.6630240635823924,0.012819712013667998,0.11920458965118466,0.3503270279242242,0,104.0,0,2020,,False
Rajasthan,Bharatpur,395,75,17,0,1,2019-20,Bharatpur,105.0,exact,2548462.0,15.499544431111785,2.942951474261731,0.6670690008326591,0.0,0.03923935299015641,0.43850978971406507,0.34068947676143513,0.4062565436080129,0.0,0.17186012583275717,0.2714631871832541,0,105.0,0,2019,2020.0,True
Rajasthan,Bharatpur,396,73,22,1,1,2020-21,Bharatpur,105.0,exact,2548462.0,15.538783784101941,2.8644727682814186,0.8632657657834412,0.03923935299015641,0.03923935299015641,0.4396199410804298,0.3304512879789294,0.525743762316252,0.01848248734596265,0.17186012583275717,0.2972315209108662,0,105.0,0,2020,,False
Rajasthan,Dholpur,230,36,7,1,1,2019-20,Dholpur,106.0,exact,1206516.0,19.06315374184843,2.9837979769849716,0.5801829399693,0.08288327713847143,0.08288327713847143,0.5393306607028597,0.34601823697430845,0.3533414317829941,0.0390396121283652,0.36301134837830584,0.32814825799336667,0,106.0,0,2019,2020.0,True
Rajasthan,Dholpur,233,34,7,1,1,2020-21,Dholpur,106.0,exact,1206516.0,19.311803573263845,2.8180314227080285,0.5801829399693,0.08288327713847143,0.08288327713847143,0.5463654084511579,0.3243926347767062,0.3533414317829941,0.0390396121283652,0.36301134837830584,0.3252300871035058,0,106.0,0,2020,,False
Rajasthan,Karauli,278,40,11,1,1,2019-20,Karauli,107.0,exact,1458248.0,19.06397265760008,2.743017648575551,0.7543298533582765,0.06857544121438877,0.06857544121438877,0.5393538292918234,0.31460647468062597,0.45939991002902114,0.03230034717460039,0.3003460316763678,0.32920131857048773,0,107.0,0,2019,2020.0,True
Rajasthan,Karauli,281,39,14,1,1,2020-21,Karauli,107.0,exact,1458248.0,19.269698981243245,2.6744422073611624,0.9600561770014427,0.06857544121438877,0.06857544121438877,0.5451741943561236,0.3056602477490471,0.5846907945823905,0.03230034717460039,0.3003460316763678,0.3536343231077059,0,107.0,0,2020,,False
Rajasthan,Sawai Madhopur,266,39,14,1,1,2019-20,Sawai Madhopur,108.0,exact,1335551.0,19.91687326054939,2.920143072035437,1.0482564873973363,0.07487546338552403,0.07487546338552403,0.5634839103860504,0.3377139342253655,0.6384063070733965,0.035267778367630044,0.3279388057812843,0.3805621471667454,0,108.0,0,2019,2020.0,True
Rajasthan,Sawai Madhopur,269,42,14,1,1,2020-21,Sawai Madhopur,108.0,exact,1335551.0,20.141499650705963,3.144769462192009,1.0482564873973363,0.07487546338552403,0.07487546338552403,0.5698389920821336,0.36701828321058827,0.6384063070733965,0.035267778367630044,0.3279388057812843,0.3876940333030066,0,108.0,0,2020,,False
Rajasthan,Dausa,315,47,16,0,1,2019-20,Dausa,109.0,exact,1634409.0,19.273021624330262,2.8756571947413407,0.9789471301247118,0.0,0.06118419563279449,0.5452681978623466,0.33191038784672616,0.5961957113327425,0.0,0.267973928190557,0.34826964504647445,0,109.0,0,2019,2020.0,True
Rajasthan,Dausa,313,48,17,0,1,2020-21,Dausa,109.0,exact,1634409.0,19.150653233064673,2.9368413903741355,1.0401313257575062,0.0,0.06118419563279449,0.5418061775584586,0.33989236636649767,0.6334579432910389,0.0,0.267973928190557,0.35662608308131044,0,109.0,0,2020,,False
Rajasthan,Jaipur,617,207,34,1,0,2019-20,Jaipur,110.0,exact,6626178.0,9.311551847837471,3.123972824152928,0.5131163092811573,0.015091656155328155,0.0,0.2634404295464789,0.3643051917595268,0.31249669527029417,0.007108459305902539,0.0,0.18947015517644047,1,110.0,1,2019,2020.0,True
Rajasthan,Jaipur,621,181,37,1,1,2020-21,Jaipur,110.0,exact,6626178.0,9.371918472458784,2.731589764114396,0.5583912777471417,0.015091656155328155,0.015091656155328155,0.26514830915455984,0.3131156137262249,0.3400699330882613,0.007108459305902539,0.0660982847125447,0.19830811999749862,1,110.0,0,2020,,False
Rajasthan,Sikar,638,113,30,2,1,2019-20,Sikar,111.0,exact,2677333.0,23.829684241743557,4.220618055355834,1.1205180677935842,0.07470120451957227,0.037350602259786134,0.6741843202064998,0.5073715275794191,0.682414857689282,0.03518569910180516,0.16358779427138873,0.41254883976967893,0,111.0,0,2019,2020.0,True
Rajasthan,Sikar,647,113,32,2,1,2020-21,Sikar,111.0,exact,2677333.0,24.16583966208163,4.220618055355834,1.1952192723131563,0.07470120451957227,0.037350602259786134,0.6836947573254002,0.5073715275794191,0.727909181535234,0.03518569910180516,0.16358779427138873,0.42354979196264947,0,111.0,0,2020,,False
Rajasthan,Nagaur,798,131,32,3,1,2019-20,Nagaur,112.0,exact,3307743.0,24.125211662453825,3.9604044207787608,0.9674270340833615,0.09069628444531512,0.030232094815105047,0.6825453186659303,0.47342453162295717,0.5891797738600831,0.042719688319195294,0.13241022655024895,0.38405590780368304,0,112.0,0,2019,2020.0,True
Rajasthan,Nagaur,803,132,35,3,1,2020-21,Nagaur,112.0,exact,3307743.0,24.27637213652935,3.9906365155938657,1.0581233185286765,0.09069628444531512,0.030232094815105047,0.6868219184069448,0.47736855554818985,0.6444153776594659,0.042719688319195294,0.13241022655024895,0.396747153296809,0,112.0,0,2020,,False
Rajasthan,Jodhpur,653,111,27,0,0,2019-20,Jodhpur,113.0,exact,3687165.0,17.710083492330828,3.0104429826167256,0.7322699146905549,0.0,0.0,0.5010498871471325,0.3494942957900241,0.4459650263450744,0.0,0.0,0.2593018418564462,0,113.0,0,2019,2020.0,True
Rajasthan,Jodhpur,651,105,27,1,0,2020-21,Jodhpur,113.0,exact,3687165.0,17.655841276427825,2.8477163349077137,0.7322699146905549,0.027121107951502032,0.0,0.4995152779981368,0.32826527425637253,0.4459650263450744,0.012774561666393194,0.0,0.2573040280531954,0,113.0,0,2020,,False
Rajasthan,Jaisalmer,157,31,8,0,1,2019-20,Jaisalmer,114.0,exact,669919.0,23.435669088352473,4.627425106617367,1.1941742210625463,0.0,0.1492717776328183,0.6630369279185778,0.560442833188292,0.7272727272727273,0.0,0.6537790389584412,0.5209063054676076,0,114.0,0,2019,2020.0,True
Rajasthan,Jaisalmer,156,25,10,0,1,2020-21,Jaisalmer,114.0,exact,669919.0,23.286397310719654,3.7317944408204577,1.492717776328183,0.0,0.1492717776328183,0.6588137627725995,0.44360049078103614,0.9090909090909091,0.0,0.6537790389584412,0.5330568403205971,0,114.0,0,2020,,False
Rajasthan,Barmer,721,104,24,1,1,2019-20,Barmer,115.0,exact,2603751.0,27.690819897908824,3.994237544219858,0.921747125589198,0.03840613023288325,0.03840613023288325,0.7834227428045154,0.47783833917195867,0.5613599205705363,0.01809002345718414,0.16821078513267973,0.4017843622273748,0,115.0,0,2019,2020.0,True
Rajasthan,Barmer,729,105,26,1,1,2020-21,Barmer,115.0,exact,2603751.0,27.99806893977189,4.032643674452741,0.9985593860549645,0.03840613023288325,0.03840613023288325,0.7921153668578249,0.4828487328426749,0.6081399139514143,0.01809002345718414,0.16821078513267973,0.41388096444835565,0,115.0,0,2020,,False
Rajasthan,Jalore,407,72,11,0,1,2019-20,Jalore,116.0,exact,1828730.0,22.255882497689655,3.937158574529865,0.601510337775396,0.0,0.054682757979581456,0.6296586585069576,0.4703919209379008,0.3663301854292323,0.0,0.23949899657139107,0.34117595228909636,0,116.0,0,2019,2020.0,True
Rajasthan,Jalore,409,69,12,0,1,2020-21,Jalore,116.0,exact,1828730.0,22.365248013648817,3.773110300591121,0.6561930957549775,0.0,0.054682757979581456,0.6327528042490065,0.4489904824578828,0.3996329295591626,0.0,0.23949899657139107,0.34417504256748854,0,116.0,0,2020,,False
Rajasthan,Sirohi,223,34,9,0,1,2019-20,Sirohi,117.0,exact,1036346.0,21.517910041627022,3.2807575848220574,0.8684358312764269,0.0,0.09649287014182523,0.6087800999169884,0.3847590455520856,0.5288924215026115,0.0,0.4226185077184647,0.3890100149380301,0,117.0,0,2019,2020.0,True
Rajasthan,Sirohi,223,30,10,0,1,2020-21,Sirohi,117.0,exact,1036346.0,21.517910041627022,2.8947861042547567,0.9649287014182522,0.0,0.09649287014182523,0.6087800999169884,0.3344059104774249,0.5876582461140128,0.0,0.4226185077184647,0.3906925528453782,0,117.0,0,2020,,False
Rajasthan,Pali,476,89,23,1,1,2019-20,Pali,118.0,exact,2037573.0,23.36112620259495,4.367941663930568,1.1287939131505964,0.04907799622393897,0.04907799622393897,0.6609279765682015,0.526591096733458,0.6874549904581222,0.023116676883069547,0.21495131708164567,0.42260841154489936,0,118.0,0,2019,2020.0,True
Rajasthan,Pali,475,87,25,1,1,2020-21,Pali,118.0,exact,2037573.0,23.312048206371013,4.2697856714826905,1.2269499055984743,0.04907799622393897,0.04907799622393897,0.6595394724157473,0.5137858450634358,0.7472336852805676,0.023116676883069547,0.21495131708164567,0.4317253993448931,0,118.0,0,2020,,False
Rajasthan,Ajmer,371,90,22,3,1,2019-20,Ajmer,119.0,exact,2583052.0,14.362854483765718,3.4842504138515213,0.8517056567192608,0.11614168046171738,0.03871389348723913,0.40635080130016743,0.41130634871496474,0.518703456221555,0.054704957546344406,0.16955872355647508,0.3121248574679013,0,119.0,0,2019,2020.0,True
Rajasthan,Ajmer,370,84,25,2,2,2020-21,Ajmer,119.0,exact,2583052.0,14.324140590278478,3.251967052928087,0.9678473371809782,0.07742778697447826,0.07742778697447826,0.40525551612146077,0.38100308529513177,0.5894357457063125,0.03646997169756294,0.33911744711295017,0.35025635318668363,0,119.0,0,2020,,False
Rajasthan,Tonk,290,65,11,0,1,2019-20,Tonk,120.0,exact,1421326.0,20.403482381944748,4.573194326987616,0.7739251937979043,0.0,0.07035683579980948,0.5772509513751847,0.5533679846324157,0.47133381082172565,0.0,0.30814816586764754,0.38202018253939474,0,120.0,0,2019,2020.0,True
Rajasthan,Tonk,294,61,12,0,1,2020-21,Tonk,120.0,exact,1421326.0,20.684909725143985,4.291766983788378,0.8442820295977137,0.0,0.07035683579980948,0.5852130334631183,0.5166534869576498,0.5141823390782462,0.0,0.30814816586764754,0.38483940507333236,0,120.0,0,2020,,False
Rajasthan,Bundi,207,33,13,0,1,2019-20,Bundi,121.0,exact,1110906.0,18.633439732974708,2.970548363227852,1.1702160218776385,0.0,0.09001661706751066,0.5271732840453777,0.3442897165400558,0.7126817701456779,0.0,0.3942538792661125,0.3956797299994448,0,121.0,0,2019,2020.0,True
Rajasthan,Bundi,206,32,14,0,1,2020-21,Bundi,121.0,exact,1110906.0,18.543423115907196,2.880531746160341,1.2602326389451493,0.0,0.09001661706751066,0.5246265532045786,0.3325463129302804,0.7675034447722686,0.0,0.3942538792661125,0.40378603803464796,0,121.0,0,2020,,False
Rajasthan,Bhilwara,534,86,25,0,1,2019-20,Bhilwara,122.0,exact,2408523.0,22.171264297662923,3.5706530516835424,1.0379805382800995,0.0,0.04151922153120398,0.6272646585242727,0.4225782791880872,0.6321480765673327,0.0,0.18184547127015188,0.37276729710996886,0,122.0,0,2019,2020.0,True
Rajasthan,Bhilwara,524,82,27,1,0,2020-21,Bhilwara,122.0,exact,2408523.0,21.756072082350883,3.4045761655587263,1.1210189813425073,0.04151922153120398,0.0,0.615518129338425,0.40091219166387243,0.6827199226927193,0.019556349126276424,0.0,0.3437413185642586,0,122.0,0,2020,,False
Rajasthan,Rajsamand,259,47,12,1,1,2019-20,Rajsamand,123.0,exact,1156597.0,22.393279595226343,4.06364533195227,1.0375264677324945,0.08646053897770789,0.08646053897770789,0.6335458677482304,0.48689315251150056,0.6318715397608046,0.04072457101883083,0.37867900400917526,0.4343428270097084,0,123.0,0,2019,2020.0,True
Rajasthan,Rajsamand,262,46,14,1,1,2020-21,Rajsamand,123.0,exact,1156597.0,22.652661212159465,3.9771847929745627,1.2104475456879102,0.08646053897770789,0.08646053897770789,0.6408842368727272,0.4756136683605638,0.737183463054272,0.04072457101883083,0.37867900400917526,0.45461698866311384,0,123.0,0,2020,,False
Rajasthan,Dungarpur,349,59,15,1,1,2019-20,Dungarpur,124.0,exact,1388552.0,25.134096526453455,4.24903064487322,1.0802620283575983,0.07201746855717323,0.07201746855717323,0.711088473048594,0.5110781821635532,0.6578982343411763,0.033921608025242606,0.31542138861202174,0.4458815772381176,0,124.0,0,2019,2020.0,True
Rajasthan,Dungarpur,347,60,16,1,1,2020-21,Dungarpur,124.0,exact,1388552.0,24.99006158933911,4.321048113430393,1.1522794969147716,0.07201746855717323,0.07201746855717323,0.7070134674723844,0.5204734497016225,0.7017581166305881,0.033921608025242606,0.31542138861202174,0.45571760608837186,0,124.0,0,2020,,False
Rajasthan,Banswara,453,59,22,0,1,2019-20,Banswara,125.0,exact,1797485.0,25.20187929245585,3.282363969657605,1.2239323276689376,0.0,0.05563328762131534,0.7130061685394553,0.38496861158656914,0.745395928199679,0.0,0.24366211679096073,0.4174065650233329,0,125.0,0,2019,2020.0,True
Rajasthan,Banswara,455,58,22,0,1,2020-21,Banswara,125.0,exact,1797485.0,25.313145867698477,3.2267306820362895,1.2239323276689376,0.0,0.05563328762131534,0.7161540986433822,0.37771079439726235,0.745395928199679,0.0,0.24366211679096073,0.41658458760625694,0,125.0,0,2020,,False
Rajasthan,Chittorgarh,383,54,23,1,1,2019-20,Chittorgarh,126.0,exact,1544338.0,24.8002704071259,3.496643869412007,1.4893112777125215,0.06475266424837049,0.06475266424837049,0.7016439360147473,0.41292317631311193,0.9070162925944497,0.03049974595371393,0.2836030713483706,0.4671372444448786,0,126.0,0,2019,2020.0,True
Rajasthan,Chittorgarh,383,52,24,1,1,2020-21,Chittorgarh,126.0,exact,1544338.0,24.8002704071259,3.367138540915266,1.554063941960892,0.06475266424837049,0.06475266424837049,0.7016439360147473,0.39602814746512516,0.946451783576817,0.03049974595371393,0.2836030713483706,0.47164533687175475,0,126.0,0,2020,,False
Rajasthan,Kota,188,63,13,0,0,2019-20,Kota,127.0,exact,1951014.0,9.63601491327074,3.2290901039151945,0.6663201801729767,0.0,0.0,0.27262006906591724,0.3780186002703595,0.40580049889209124,0.0,0.0,0.21128783364567355,0,127.0,0,2019,2020.0,True
Rajasthan,Kota,188,62,13,0,0,2020-21,Kota,127.0,exact,1951014.0,9.63601491327074,3.1778347054403504,0.6663201801729767,0.0,0.0,0.27262006906591724,0.37133191451078984,0.40580049889209124,0.0,0.0,0.2099504964937597,0,127.0,0,2020,,False
Rajasthan,Baran,265,53,14,0,1,2019-20,Baran,128.0,exact,1222755.0,21.672370998278478,4.334474199655696,1.1449554489656555,0.0,0.08178253206897539,0.613150076203795,0.5222249924120658,0.6972976449232936,0.0,0.3581903161303777,0.4381726059339065,0,128.0,0,2019,2020.0,True
Rajasthan,Baran,263,52,14,0,1,2020-21,Baran,128.0,exact,1222755.0,21.508805934140526,4.252691667586721,1.1449554489656555,0.0,0.08178253206897539,0.6085225284588607,0.5115557925065074,0.6972976449232936,0.0,0.3581903161303777,0.43511325640380794,0,128.0,0,2020,,False
Rajasthan,Jhalawar,323,48,14,0,0,2019-20,Jhalawar,129.0,exact,1411129.0,22.889473605885783,3.401531681370024,0.9921134070662568,0.0,0.0,0.6475840823705193,0.4005150138118687,0.6042142014076542,0.0,0.0,0.33046265951800846,0,129.0,0,2019,2020.0,True
Rajasthan,Jhalawar,323,44,14,1,0,2020-21,Jhalawar,129.0,exact,1411129.0,22.889473605885783,3.118070707922522,0.9921134070662568,0.0708652433618755,0.0,0.6475840823705193,0.3635352124456688,0.6042142014076542,0.03337888787394113,0.0,0.32974247681955676,0,129.0,0,2020,,False
Rajasthan,Udaipur,624,115,29,1,0,2019-20,Udaipur,130.0,exact,3068420.0,20.336199086174645,3.7478572033815447,0.9451118165049113,0.03259006263810039,0.0,0.575347386789106,0.4456960094751164,0.5755894209101396,0.015350544145412514,0.0,0.3223966722639549,0,130.0,0,2019,2020.0,True
Rajasthan,Udaipur,623,108,31,1,0,2020-21,Udaipur,130.0,exact,3068420.0,20.30360902353654,3.5197267649148425,1.010291941781112,0.03259006263810039,0.0,0.5744253557205337,0.4159345287411727,0.6152852430418735,0.015350544145412514,0.0,0.3241991343297984,0,130.0,0,2020,,False
Rajasthan,Pratapgarh,203,32,8,0,1,2019-20,Pratapgarh,131.0,exact,867848.0,23.391192927793806,3.6872816437901568,0.9218204109475392,0.0,0.1152275513684424,0.6617786179146579,0.43779343250273184,0.5614045526196041,0.0,0.5046724772079904,0.4331298160489968,0,131.0,0,2019,2020.0,True
Rajasthan,Pratapgarh,204,32,8,0,1,2020-21,Pratapgarh,131.0,exact,867848.0,23.506420479162248,3.6872816437901568,0.9218204109475392,0.0,0.1152275513684424,0.6650386111063556,0.43779343250273184,0.5614045526196041,0.0,0.5046724772079904,0.43378181468733634,0,131.0,0,2020,,False
Uttar Pradesh,Saharanpur,364,62,14,0,2,2019-20,Saharanpur,132.0,exact,3466382.0,10.500862282345107,1.7886084107291116,0.4038793185517349,0.0,0.0576970455073907,0.297088145507333,0.19009598701674243,0.245969481095327,0.0,0.25270094294281475,0.19717091131244344,1,132.0,0,2019,2020.0,True
Uttar Pradesh,Saharanpur,364,62,21,0,2,2020-21,Saharanpur,132.0,exact,3466382.0,10.500862282345107,1.7886084107291116,0.6058189778276024,0.0,0.0576970455073907,0.297088145507333,0.19009598701674243,0.3689542216429905,0.0,0.25270094294281475,0.22176785942197616,0,132.0,0,2020,,False
Uttar Pradesh,Muzaffarnagar,286,49,4,0,2,2019-20,Muzaffarnagar,133.0,exact,4143512.0,6.902357227395504,1.1825716928055234,0.09653646471881824,0.0,0.04826823235940912,0.19528001160092487,0.11103354262847233,0.058792374461787276,0.0,0.2114047214054165,0.11530213001932019,1,133.0,1,2019,2020.0,True
Uttar Pradesh,Muzaffarnagar,286,47,7,0,2,2020-21,Muzaffarnagar,133.0,exact,4143512.0,6.902357227395504,1.1343034604461144,0.16893881325793192,0.0,0.04826823235940912,0.19528001160092487,0.10473655710965589,0.10288665530812773,0.0,0.2114047214054165,0.12286158908482499,1,133.0,1,2020,,False
Uttar Pradesh,Bijnor,343,64,7,0,2,2019-20,Bijnor,134.0,exact,3682713.0,9.31378578781458,1.7378492432073855,0.1900772609758078,0.0,0.0543077888502308,0.2635036316976099,0.18347403864184653,0.11576033508695653,0.0,0.23785671052835236,0.16011894319095304,1,134.0,1,2019,2020.0,True
Uttar Pradesh,Bijnor,343,62,11,0,2,2020-21,Bijnor,134.0,exact,3682713.0,9.31378578781458,1.6835414543571545,0.2986928386762694,0.0,0.0543077888502308,0.2635036316976099,0.1763891436035847,0.18190909799378885,0.0,0.23785671052835236,0.17193171676466718,1,134.0,1,2020,,False
Uttar Pradesh,Moradabad,267,60,7,0,2,2019-20,Moradabad,135.0,exact,4772006.0,5.595131271838301,1.2573328700760225,0.14668883484220263,0.0,0.04191109566920075,0.15829625498614808,0.12078674939885103,0.08933603413513959,0.0,0.18356179770100878,0.11039616724422949,1,135.0,1,2019,2020.0,True
Uttar Pradesh,Moradabad,267,56,7,0,2,2020-21,Moradabad,135.0,exact,4772006.0,5.595131271838301,1.173510678737621,0.14668883484220263,0.0,0.04191109566920075,0.15829625498614808,0.10985145926675893,0.08933603413513959,0.0,0.18356179770100878,0.10820910921781106,1,135.0,1,2020,,False
Uttar Pradesh,Rampur,211,35,5,0,2,2019-20,Rampur,136.0,exact,2335819.0,9.033234167544661,1.4984037718675978,0.2140576816953711,0.0,0.08562307267814843,0.2555663253751376,0.15223641936576165,0.13036482551243755,0.0,0.37501107748502777,0.1826357295476729,1,136.0,1,2019,2020.0,True
Uttar Pradesh,Rampur,211,35,5,0,2,2020-21,Rampur,136.0,exact,2335819.0,9.033234167544661,1.4984037718675978,0.2140576816953711,0.0,0.08562307267814843,0.2555663253751376,0.15223641936576165,0.13036482551243755,0.0,0.37501107748502777,0.1826357295476729,1,136.0,1,2020,,False
Uttar Pradesh,Jyotiba Phule Nagar,175,32,8,0,2,2019-20,Amroha,137.0,crosswalk,1840221.0,9.509727364267661,1.7389215751803724,0.4347303937950931,0.0,0.10868259844877327,0.26904716879113977,0.18361393311436383,0.2647583188007409,0.0,0.47600695785995273,0.23868527571323944,0,137.0,0,2019,2020.0,True
Uttar Pradesh,Amroha,175,32,8,0,2,2020-21,Amroha,137.0,exact,1840221.0,9.509727364267661,1.7389215751803724,0.4347303937950931,0.0,0.10868259844877327,0.26904716879113977,0.18361393311436383,0.2647583188007409,0.0,0.47600695785995273,0.23868527571323944,0,137.0,0,2020,,False
Uttar Pradesh,Meerut,280,57,12,0,2,2019-20,Meerut,138.0,exact,3443689.0,8.130815529509198,1.6552017327929438,0.34846352269325137,0.0,0.05807725378220855,0.23003529064326075,0.17269199523966006,0.21222030423558205,0.0,0.2543661753427792,0.17386275309225643,1,138.0,1,2019,2020.0,True
Uttar Pradesh,Meerut,280,57,12,0,2,2020-21,Meerut,138.0,exact,3443689.0,8.130815529509198,1.6552017327929438,0.34846352269325137,0.0,0.05807725378220855,0.23003529064326075,0.17269199523966006,0.21222030423558205,0.0,0.2543661753427792,0.17386275309225643,1,138.0,1,2020,,False
Uttar Pradesh,Bagpat,200,24,7,0,1,2019-20,Baghpat,139.0,fuzzy,1303048.0,15.348628753507162,1.8418354504208594,0.5372020063727506,0.0,0.07674314376753581,0.4342401157023489,0.19703988949182588,0.3271653008247516,0.0,0.3361188536416157,0.2589128319321084,0,139.0,0,2019,2020.0,True
Uttar Pradesh,Baghpat,200,24,7,0,1,2020-21,Baghpat,139.0,exact,1303048.0,15.348628753507162,1.8418354504208594,0.5372020063727506,0.0,0.07674314376753581,0.4342401157023489,0.19703988949182588,0.3271653008247516,0.0,0.3361188536416157,0.2589128319321084,0,139.0,0,2020,,False
Uttar Pradesh,Ghaziabad,146,66,4,0,3,2019-20,Ghaziabad,140.0,exact,4681645.0,3.1185619584569095,1.409760885329836,0.0854400536563537,0.0,0.06408004024226528,0.08822968666538607,0.14067223013425842,0.05203446845946438,0.0,0.2806571194526711,0.11231870094235599,1,140.0,1,2019,2020.0,True
Uttar Pradesh,Ghaziabad,146,66,4,0,3,2020-21,Ghaziabad,140.0,exact,4681645.0,3.1185619584569095,1.409760885329836,0.0854400536563537,0.0,0.06408004024226528,0.08822968666538607,0.14067223013425842,0.05203446845946438,0.0,0.2806571194526711,0.11231870094235599,1,140.0,1,2020,,False
Uttar Pradesh,Gautam Buddha Nagar,128,37,5,0,2,2019-20,Gautam Buddha Nagar,141.0,exact,1648115.0,7.766448336432833,2.244988972250116,0.30337688814190755,0.0,0.12135075525676302,0.21972669209542847,0.24963456231754025,0.18476176502467143,0.0,0.5314908243660181,0.23712276876073166,0,141.0,0,2019,2020.0,True
Uttar Pradesh,Gautam Buddha Nagar,128,37,5,0,2,2020-21,Gautam Buddha Nagar,141.0,exact,1648115.0,7.766448336432833,2.244988972250116,0.30337688814190755,0.0,0.12135075525676302,0.21972669209542847,0.24963456231754025,0.18476176502467143,0.0,0.5314908243660181,0.23712276876073166,0,141.0,0,2020,,False
Uttar Pradesh,Bulandshahar,344,71,10,0,4,2019-20,Bulandshahr,142.0,fuzzy,3499171.0,9.830899947444696,2.02905202403655,0.2857819752164156,0.0,0.11431279008656622,0.278133714691688,0.2214638220726226,0.17404615914091445,0.0,0.5006660148932419,0.23486194215969342,0,142.0,0,2019,2020.0,True
Uttar Pradesh,Bulandshahar,344,71,10,0,4,2020-21,Bulandshahr,142.0,fuzzy,3499171.0,9.830899947444696,2.02905202403655,0.2857819752164156,0.0,0.11431279008656622,0.278133714691688,0.2214638220726226,0.17404615914091445,0.0,0.5006660148932419,0.23486194215969342,0,142.0,0,2020,,False
Uttar Pradesh,Aligarh,333,53,13,0,4,2019-20,Aligarh,143.0,exact,3673889.0,9.06396464346092,1.442612991301588,0.35384846956454047,0.0,0.10887645217370476,0.25643574541465847,0.14495805593426658,0.2154998298929158,0.0,0.4768559964658704,0.21874992554154224,0,143.0,0,2019,2020.0,True
Uttar Pradesh,Aligarh,333,53,13,0,4,2020-21,Aligarh,143.0,exact,3673889.0,9.06396464346092,1.442612991301588,0.35384846956454047,0.0,0.10887645217370476,0.25643574541465847,0.14495805593426658,0.2154998298929158,0.0,0.4768559964658704,0.21874992554154224,0,143.0,0,2020,,False
Uttar Pradesh,Hathras,194,27,7,0,2,2019-20,Hathras,144.0,exact,1564708.0,12.39847946070449,1.7255615744279444,0.44736781559243005,0.0,0.12781937588355144,0.3507751240852241,0.18187101179412585,0.2724547269580592,0.0,0.5598220243010198,0.2729845774276858,0,144.0,0,2019,2020.0,True
Uttar Pradesh,Hathras,194,27,7,0,2,2020-21,Hathras,144.0,exact,1564708.0,12.39847946070449,1.7255615744279444,0.44736781559243005,0.0,0.12781937588355144,0.3507751240852241,0.18187101179412585,0.2724547269580592,0.0,0.5598220243010198,0.2729845774276858,0,144.0,0,2020,,False
Uttar Pradesh,Mathura,205,37,7,0,3,2019-20,Mathura,145.0,exact,2547184.0,8.048103317231893,1.452584501158927,0.2748132840030402,0.0,0.11777712171558867,0.22769521445755675,0.14625892091529294,0.16736603673275702,0.0,0.5158390599187181,0.21143184640486495,0,145.0,0,2019,2020.0,True
Uttar Pradesh,Mathura,205,34,12,0,3,2020-21,Mathura,145.0,exact,2547184.0,8.048103317231893,1.3348073794433382,0.4711084868623547,0.0,0.11777712171558867,0.22769521445755675,0.1308939325235775,0.28691320582758345,0.0,0.5158390599187181,0.2322682825454872,0,145.0,0,2020,,False
Uttar Pradesh,Agra,395,75,16,0,2,2019-20,Agra,146.0,exact,4418797.0,8.939084551745644,1.697294535141578,0.36208950083020336,0.0,0.04526118760377542,0.25290266461986954,0.17818334542754577,0.22051876027879,0.0,0.19823449685513955,0.16996785343626897,1,146.0,1,2019,2020.0,True
Uttar Pradesh,Agra,395,73,18,0,2,2020-21,Agra,146.0,exact,4418797.0,8.939084551745644,1.6520333475378026,0.4073506884339787,0.0,0.04526118760377542,0.25290266461986954,0.1722786534806104,0.2480836053136387,0.0,0.19823449685513955,0.1742998840538516,1,146.0,1,2020,,False
Uttar Pradesh,Firozabad,220,19,3,0,3,2019-20,Firozabad,147.0,exact,2498156.0,8.806495671207083,0.7605609897860662,0.12008857733464204,0.0,0.12008857733464204,0.2491514884235755,0.0559787963532847,0.07313601785404188,0.0,0.5259627501244919,0.1808458105510788,1,147.0,0,2019,2020.0,True
Uttar Pradesh,Firozabad,220,71,5,0,3,2020-21,Firozabad,147.0,exact,2498156.0,8.806495671207083,2.8420963302531947,0.20014762889107005,0.0,0.12008857733464204,0.2491514884235755,0.32753209870393724,0.12189336309006978,0.0,0.5259627501244919,0.24490794006841493,0,147.0,0,2020,,False
Uttar Pradesh,Mainpuri,206,46,10,0,2,2019-20,Mainpuri,148.0,exact,1868529.0,11.024715163639419,2.461829599647637,0.5351803477494864,0.0,0.10703606954989726,0.3119088789707228,0.27792319489985795,0.32593407580362566,0.0,0.46879550705394457,0.2769123313456302,0,148.0,0,2019,2020.0,True
Uttar Pradesh,Mainpuri,206,46,10,0,2,2020-21,Mainpuri,148.0,exact,1868529.0,11.024715163639419,2.461829599647637,0.5351803477494864,0.0,0.10703606954989726,0.3119088789707228,0.27792319489985795,0.32593407580362566,0.0,0.46879550705394457,0.2769123313456302,0,148.0,0,2020,,False
Uttar Pradesh,Budaun,291,56,9,0,2,2019-20,Budaun,149.0,exact,3681896.0,7.903536656114132,1.5209555077058123,0.24443927802414844,0.0,0.05431983956092187,0.22360516545978326,0.15517847767318024,0.14886774244969045,0.0,0.23790949011053003,0.15311217513863679,1,149.0,1,2019,2020.0,True
Uttar Pradesh,Budaun,291,55,10,0,2,2020-21,Budaun,149.0,exact,3681896.0,7.903536656114132,1.4937955879253515,0.2715991978046094,0.0,0.05431983956092187,0.22360516545978326,0.15163524409718543,0.1654086027218783,0.0,0.23790949011053003,0.15571170047787541,1,149.0,1,2020,,False
Uttar Pradesh,Bareilly,411,81,6,0,2,2019-20,Bareilly,150.0,exact,4448359.0,9.239362200757627,1.8208962001493134,0.13488120001106027,0.0,0.04496040000368676,0.26139805552050605,0.19430819310914085,0.08214498057291772,0.0,0.19691711033214723,0.14695366790694236,1,150.0,1,2019,2020.0,True
Uttar Pradesh,Bareilly,411,71,16,0,2,2020-21,Bareilly,150.0,exact,4448359.0,9.239362200757627,1.5960942001308798,0.35968320002949405,0.0,0.04496040000368676,0.26139805552050605,0.16498093438177402,0.21905328152778059,0.0,0.19691711033214723,0.16846987635244157,1,150.0,1,2020,,False
Uttar Pradesh,Pilibhit,199,28,6,0,2,2019-20,Pilibhit,151.0,exact,2031007.0,9.79809523059251,1.3786264646059812,0.2954199567012817,0.0,0.09847331890042724,0.27720561067208815,0.13661049041743956,0.17991585633942359,0.0,0.43129245738690225,0.20500488296317068,0,151.0,0,2019,2020.0,True
Uttar Pradesh,Pilibhit,199,31,6,0,2,2020-21,Pilibhit,151.0,exact,2031007.0,9.79809523059251,1.526336442956622,0.2954199567012817,0.0,0.09847331890042724,0.27720561067208815,0.15588046466743635,0.17991585633942359,0.0,0.43129245738690225,0.20885887781317009,0,151.0,0,2020,,False
Uttar Pradesh,Shahjahanpur,298,46,17,0,2,2019-20,Shahjahanpur,152.0,exact,3006538.0,9.911732364600082,1.5299989556094087,0.5654343966382597,0.0,0.0665216937221482,0.28042060811661595,0.15635826938515116,0.3443593141468239,0.0,0.29135104894732744,0.2144978481191837,0,152.0,0,2019,2020.0,True
Uttar Pradesh,Shahjahanpur,298,47,17,0,2,2020-21,Shahjahanpur,152.0,exact,3006538.0,9.911732364600082,1.5632598024704825,0.5654343966382597,0.0,0.0665216937221482,0.28042060811661595,0.16069741877575291,0.3443593141468239,0.0,0.29135104894732744,0.21536567799730405,0,152.0,0,2020,,False
Uttar Pradesh,Lakhimpur Kheri,386,60,14,0,2,2019-20,Kheri,153.0,crosswalk,4021243.0,9.599021993945653,1.4920759576081326,0.34815105677523095,0.0,0.04973586525360442,0.271573473319426,0.15141090426380152,0.21203000709436903,0.0,0.2178326452790841,0.17056940599133613,1,153.0,1,2019,2020.0,True
Uttar Pradesh,Kheri,386,59,15,0,2,2020-21,Kheri,153.0,exact,4021243.0,9.599021993945653,1.4672080249813304,0.37301898940203315,0.0,0.04973586525360442,0.271573473319426,0.148166679149696,0.22717500760110967,0.0,0.2178326452790841,0.17294956106986314,1,153.0,1,2020,,False
Uttar Pradesh,Sitapur,471,67,18,0,2,2019-20,Sitapur,154.0,exact,4483992.0,10.50403301343981,1.4942042715508859,0.40142801325247685,0.0,0.04460311258360854,0.29717785115202194,0.15168856021724975,0.24447659382735096,0.0,0.19535226646256285,0.1777390543318371,1,154.0,1,2019,2020.0,True
Uttar Pradesh,Sitapur,471,66,19,0,2,2020-21,Sitapur,154.0,exact,4483992.0,10.50403301343981,1.4719027152590818,0.42372956954428104,0.0,0.04460311258360854,0.29717785115202194,0.14877913987695454,0.25805862681775926,0.0,0.19535226646256285,0.17987357686185973,1,154.0,1,2020,,False
Uttar Pradesh,Hardoi,433,62,8,0,2,2019-20,Hardoi,155.0,exact,4092845.0,10.5794380192751,1.5148387002195294,0.1954630580928425,0.0,0.04886576452321063,0.29931119341889845,0.15438049012982652,0.11904037855863542,0.0,0.21402178680111267,0.15735076978169463,1,155.0,1,2019,2020.0,True
Uttar Pradesh,Hardoi,433,50,19,0,2,2020-21,Hardoi,155.0,exact,4092845.0,10.5794380192751,1.2216441130802658,0.4642247629705009,0.0,0.04886576452321063,0.29931119341889845,0.11613085928227354,0.2827208990767591,0.0,0.21402178680111267,0.18243694771580876,1,155.0,1,2020,,False
Uttar Pradesh,Unnav,357,54,7,0,2,2019-20,Unnao,156.0,fuzzy,3108367.0,11.485130295103506,1.7372465992593538,0.22519863323732364,0.0,0.06434246663923532,0.32493484520971944,0.1833954188120276,0.1371498574361042,0.0,0.2818064919618565,0.18545732268394155,1,156.0,0,2019,2020.0,True
Uttar Pradesh,Unnao,357,48,13,0,2,2020-21,Unnao,156.0,exact,3108367.0,11.485130295103506,1.5442191993416479,0.4182260331550296,0.0,0.06434246663923532,0.32493484520971944,0.15821341643485445,0.2547068780956221,0.0,0.2818064919618565,0.20393232634041053,0,156.0,0,2020,,False
Uttar Pradesh,Lucknow,306,80,17,0,9,2019-20,Lucknow,157.0,exact,4589838.0,6.666901969089106,1.7429809069514,0.37038344272717255,0.0,0.1960853520320325,0.18861856188761847,0.18414350613017055,0.22556991415304065,0.0,0.8588126639763757,0.2914289292294411,0,157.0,0,2019,2020.0,True
Uttar Pradesh,Lucknow,306,78,19,0,9,2020-21,Lucknow,157.0,exact,4589838.0,6.666901969089106,1.6994063842776153,0.41395796540095753,0.0,0.1960853520320325,0.18861856188761847,0.17845885341235307,0.2521075511122219,0.0,0.8588126639763757,0.29559952607771384,0,157.0,0,2020,,False
Uttar Pradesh,Rae Bareli,352,51,17,0,2,2019-20,Rae Bareli,158.0,exact,3405559.0,10.336041748212262,1.4975515032921174,0.49918383443070585,0.0,0.05872750993302421,0.2924250782743324,0.1521252339625345,0.30401157743453094,0.0,0.2572141607295601,0.2011552100801916,1,158.0,0,2019,2020.0,True
Uttar Pradesh,Rae Bareli,352,51,19,0,2,2020-21,Rae Bareli,158.0,exact,3405559.0,10.336041748212262,1.4975515032921174,0.55791134436373,0.0,0.05872750993302421,0.2924250782743324,0.1521252339625345,0.33977764536800514,0.0,0.2572141607295601,0.20830842366688646,0,158.0,0,2020,,False
Uttar Pradesh,Farrukhabad,192,31,8,0,3,2019-20,Farrukhabad,159.0,exact,1885204.0,10.184574189318504,1.64438437431705,0.424357257888271,0.0,0.15913397170810162,0.28813979055544425,0.1712807823912726,0.2584408998611388,0.0,0.6969733779474264,0.28296697015105643,0,159.0,0,2019,2020.0,True
Uttar Pradesh,Farrukhabad,192,31,8,0,3,2020-21,Farrukhabad,159.0,exact,1885204.0,10.184574189318504,1.64438437431705,0.424357257888271,0.0,0.15913397170810162,0.28813979055544425,0.1712807823912726,0.2584408998611388,0.0,0.6969733779474264,0.28296697015105643,0,159.0,0,2020,,False
Uttar Pradesh,Kannauj,191,34,11,0,2,2019-20,Kannauj,160.0,exact,1656616.0,11.52952766362271,2.052376652163205,0.6640042109939781,0.0,0.12072803836254148,0.3261909260461429,0.22450671049769858,0.40439003365897713,0.0,0.5287634551398755,0.2967702250685388,0,160.0,0,2019,2020.0,True
Uttar Pradesh,Kannauj,191,35,11,0,2,2020-21,Kannauj,160.0,exact,1656616.0,11.52952766362271,2.112740671344476,0.6640042109939781,0.0,0.12072803836254148,0.3261909260461429,0.23238169029417596,0.40439003365897713,0.0,0.5287634551398755,0.2983452210278343,0,160.0,0,2020,,False
Uttar Pradesh,Etawah,169,34,8,0,3,2019-20,Etawah,161.0,exact,1581810.0,10.68396330785619,2.1494364051308312,0.5057497423837249,0.0,0.18965615339389688,0.3022684004851585,0.23716894876542963,0.30801032878905693,0.0,0.8306541240730556,0.3356203604225402,0,161.0,0,2019,2020.0,True
Uttar Pradesh,Etawah,169,34,8,0,3,2020-21,Etawah,161.0,exact,1581810.0,10.68396330785619,2.1494364051308312,0.5057497423837249,0.0,0.18965615339389688,0.3022684004851585,0.23716894876542963,0.30801032878905693,0.0,0.8306541240730556,0.3356203604225402,0,161.0,0,2020,,False
Uttar Pradesh,Auraiya,165,26,7,0,2,2019-20,Auraiya,162.0,exact,1379545.0,11.96046522585345,1.884679368922362,0.5074136762483282,0.0,0.14497533607095095,0.3383829192130117,0.20262922892245708,0.30902369325327617,0.0,0.6349615271701903,0.29699947371178703,0,162.0,0,2019,2020.0,True
Uttar Pradesh,Auraiya,165,26,7,0,2,2020-21,Auraiya,162.0,exact,1379545.0,11.96046522585345,1.884679368922362,0.5074136762483282,0.0,0.14497533607095095,0.3383829192130117,0.20262922892245708,0.30902369325327617,0.0,0.6349615271701903,0.29699947371178703,0,162.0,0,2020,,False
Uttar Pradesh,Kanpur Dehat,240,31,8,0,2,2019-20,Kanpur Dehat,163.0,exact,1796184.0,13.36166005264494,1.7258810901333046,0.44538866842149805,0.0,0.11134716710537451,0.3780252229965622,0.18191269523002848,0.2712493921456923,0.0,0.48767720901644823,0.2637729038777462,0,163.0,0,2019,2020.0,True
Uttar Pradesh,Kanpur Dehat,240,30,8,0,2,2020-21,Kanpur Dehat,163.0,exact,1796184.0,13.36166005264494,1.6702075065806175,0.44538866842149805,0.0,0.11134716710537451,0.3780252229965622,0.1746496211070427,0.2712493921456923,0.0,0.48767720901644823,0.2623202890531491,0,163.0,0,2020,,False
Uttar Pradesh,Kanpur Nagar,390,90,10,0,5,2019-20,Kanpur Nagar,164.0,exact,4581268.0,8.512926988772541,1.9645216127936633,0.21828017919929593,0.0,0.10914008959964797,0.2408459061677123,0.2130453023701807,0.13293639942637558,0.0,0.47801067302764216,0.21296765619838215,0,164.0,0,2019,2020.0,True
Uttar Pradesh,Kanpur Nagar,390,92,10,0,5,2020-21,Kanpur Nagar,164.0,exact,4581268.0,8.512926988772541,2.0081776486335223,0.21828017919929593,0.0,0.10914008959964797,0.2408459061677123,0.2187405891469076,0.13293639942637558,0.0,0.47801067302764216,0.2141067135537275,0,164.0,0,2020,,False
Uttar Pradesh,Jalaun,286,41,7,0,2,2019-20,Jalaun,165.0,exact,1689974.0,16.923337282112033,2.4260728271559207,0.4142075558558889,0.0,0.11834501595882539,0.478791431956096,0.27325843160578506,0.25225955601038297,0.0,0.5183263174463039,0.3045271474037136,0,165.0,0,2019,2020.0,True
Uttar Pradesh,Jalaun,286,41,7,0,2,2020-21,Jalaun,165.0,exact,1689974.0,16.923337282112033,2.4260728271559207,0.4142075558558889,0.0,0.11834501595882539,0.478791431956096,0.27325843160578506,0.25225955601038297,0.0,0.5183263174463039,0.3045271474037136,0,165.0,0,2020,,False
Uttar Pradesh,Jhansi,338,49,8,0,2,2019-20,Jhansi,166.0,exact,1998603.0,16.911812901311563,2.4517125211960553,0.40027959529731516,0.0,0.10006989882432879,0.4784653866439993,0.27660333930564496,0.24377718745634736,0.0,0.43828514217180703,0.28742621111555977,0,166.0,0,2019,2020.0,True
Uttar Pradesh,Jhansi,338,45,12,0,2,2020-21,Jhansi,166.0,exact,1998603.0,16.911812901311563,2.251572723547398,0.6004193929459728,0.0,0.10006989882432879,0.4784653866439993,0.25049346649844695,0.36566578118452103,0.0,0.43828514217180703,0.30658195529975485,0,166.0,0,2020,,False
Uttar Pradesh,Lalitpur,197,27,4,0,2,2019-20,Lalitpur,167.0,exact,1221592.0,16.126497226569917,2.2102305843522223,0.3274415680521811,0.0,0.16372078402609055,0.456247403856139,0.24510004645583028,0.19941757075268102,0.0,0.7170626526696312,0.3235655347468563,0,167.0,0,2019,2020.0,True
Uttar Pradesh,Lalitpur,197,27,4,0,2,2020-21,Lalitpur,167.0,exact,1221592.0,16.126497226569917,2.2102305843522223,0.3274415680521811,0.0,0.16372078402609055,0.456247403856139,0.24510004645583028,0.19941757075268102,0.0,0.7170626526696312,0.3235655347468563,0,167.0,0,2020,,False
Uttar Pradesh,Hamirpur,214,40,4,0,2,2019-20,Hamirpur,168.0,exact,1104285.0,19.379055225779577,3.6222533132298276,0.36222533132298274,0.0,0.18111266566149137,0.5482680777930645,0.42930995515468723,0.2206014833950557,0.0,0.7932354419375434,0.3982829916560701,0,168.0,0,2019,2020.0,True
Uttar Pradesh,Hamirpur,214,41,4,0,2,2020-21,Hamirpur,168.0,exact,1104285.0,19.379055225779577,3.712809646060573,0.36222533132298274,0.0,0.18111266566149137,0.5482680777930645,0.4411237690981176,0.2206014833950557,0.0,0.7932354419375434,0.4006457544447562,0,168.0,0,2020,,False
Uttar Pradesh,Mahoba,150,17,4,0,2,2019-20,Mahoba,169.0,exact,875958.0,17.12410869014268,1.9407323182161702,0.45664289840380473,0.0,0.22832144920190237,0.4844716136096545,0.2099417944078028,0.2781034125961622,0.0,1.0,0.3945033641227239,0,169.0,0,2019,2020.0,True
Uttar Pradesh,Mahoba,150,16,5,0,2,2020-21,Mahoba,169.0,exact,875958.0,17.12410869014268,1.826571593615219,0.5708036230047558,0.0,0.22832144920190237,0.4844716136096545,0.195048594584842,0.34762926574520275,0.0,1.0,0.4054298947879399,0,169.0,0,2020,,False
Uttar Pradesh,Banda,277,52,4,0,2,2019-20,Banda,170.0,exact,1799410.0,15.393934678589092,2.889836112948133,0.22229508561139485,0.0,0.11114754280569743,0.4355219012263543,0.33376014364378614,0.1353815467797273,0.0,0.48680289650496555,0.27829329763096666,0,170.0,0,2019,2020.0,True
Uttar Pradesh,Banda,277,52,4,0,2,2020-21,Banda,170.0,exact,1799410.0,15.393934678589092,2.889836112948133,0.22229508561139485,0.0,0.11114754280569743,0.4355219012263543,0.33376014364378614,0.1353815467797273,0.0,0.48680289650496555,0.27829329763096666,0,170.0,0,2020,,False
Uttar Pradesh,Chitrakoot,134,28,6,0,1,2019-20,Chitrakoot,171.0,exact,991730.0,13.511742107226766,2.8233490970324584,0.6050033779355268,0.0,0.1008338963225878,0.38227131232435096,0.3250863688659387,0.368457507221082,0.0,0.4416312907747068,0.30348929583721573,0,171.0,0,2019,2020.0,True
Uttar Pradesh,Chitrakoot,134,28,6,0,1,2020-21,Chitrakoot,171.0,exact,991730.0,13.511742107226766,2.8233490970324584,0.6050033779355268,0.0,0.1008338963225878,0.38227131232435096,0.3250863688659387,0.368457507221082,0.0,0.4416312907747068,0.30348929583721573,0,171.0,0,2020,,False
Uttar Pradesh,Fatehpur,321,47,11,0,2,2019-20,Fatehpur,172.0,exact,2632733.0,12.192653033938496,1.785217110888191,0.41781677063340644,0.0,0.07596668556971026,0.3449519269248235,0.18965356422758306,0.25445763015087364,0.0,0.3327181297913613,0.2243562502189283,0,172.0,0,2019,2020.0,True
Uttar Pradesh,Fatehpur,321,47,11,0,2,2020-21,Fatehpur,172.0,exact,2632733.0,12.192653033938496,1.785217110888191,0.41781677063340644,0.0,0.07596668556971026,0.3449519269248235,0.18965356422758306,0.25445763015087364,0.0,0.3327181297913613,0.2243562502189283,0,172.0,0,2020,,False
Uttar Pradesh,Pratapgarh,355,60,19,0,2,2019-20,Pratapgarh,173.0,exact,3209141.0,11.062150276351211,1.8696592016368243,0.5920587471849944,0.0,0.06232197338789414,0.312967985157755,0.2006697253056068,0.3605740035049312,0.0,0.2729571558245649,0.2294337739585716,0,173.0,0,2019,2020.0,True
Uttar Pradesh,Pratapgarh,355,60,21,0,2,2020-21,Pratapgarh,173.0,exact,3209141.0,11.062150276351211,1.8696592016368243,0.6543807205728885,0.0,0.06232197338789414,0.312967985157755,0.2006697253056068,0.39852916176860814,0.0,0.2729571558245649,0.23702480561130698,0,173.0,0,2020,,False
Uttar Pradesh,Kaushambi,175,36,5,0,1,2019-20,Kaushambi,174.0,exact,1599596.0,10.940262416260106,2.2505682684877932,0.3125789261788602,0.0,0.06251578523577203,0.3095195599388846,0.2503624271241948,0.19036596513346896,0.0,0.273806011017782,0.20481079264286609,0,174.0,1,2019,2020.0,True
Uttar Pradesh,Kaushambi,175,34,5,0,1,2020-21,Kaushambi,174.0,exact,1599596.0,10.940262416260106,2.125536698016249,0.3125789261788602,0.0,0.06251578523577203,0.3095195599388846,0.2340510365849323,0.19036596513346896,0.0,0.273806011017782,0.20154851453501355,1,174.0,1,2020,,False
Uttar Pradesh,Allahabad,562,84,19,0,6,2019-20,Prayagraj,175.0,crosswalk,5954391.0,9.438412761271472,1.4107236155637075,0.3190922463775053,0.0,0.10076597254026481,0.2670295513248722,0.14079782616388045,0.19433268963724723,0.0,0.4413337988721264,0.20869877319962526,0,175.0,1,2019,2020.0,True
Uttar Pradesh,Prayagraj,562,86,20,0,5,2020-21,Prayagraj,175.0,exact,5954391.0,9.438412761271472,1.4443122730771292,0.3358865751342161,0.0,0.08397164378355403,0.2670295513248722,0.1451797411340331,0.20456072593394448,0.0,0.3677781657267721,0.19690963682392434,1,175.0,1,2020,,False
Uttar Pradesh,Barabanki,350,56,19,0,3,2019-20,Bara Banki,176.0,fuzzy,3260699.0,10.733894787590023,1.7174231660144035,0.5826971456120298,0.0,0.09200481246505733,0.3036810512101853,0.1808092898826067,0.3548726264466049,0.0,0.40296175758633346,0.24846494502514607,0,176.0,0,2019,2020.0,True
Uttar Pradesh,Barabanki,350,57,19,0,3,2020-21,Bara Banki,176.0,fuzzy,3260699.0,10.733894787590023,1.7480914368360896,0.5826971456120298,0.0,0.09200481246505733,0.3036810512101853,0.18481021653376992,0.3548726264466049,0.0,0.40296175758633346,0.2492651303553787,0,176.0,0,2020,,False
Uttar Pradesh,Faizabad,255,40,5,0,4,2019-20,Ayodhya,177.0,crosswalk,2470996.0,10.3197253253344,1.6187804431897097,0.2023475553987137,0.0,0.16187804431897096,0.29196345753464825,0.16794054025575947,0.12323315633195536,0.0,0.7089918397277859,0.2584257987700298,0,177.0,0,2019,2020.0,True
Uttar Pradesh,Ayodhya,255,34,12,0,4,2020-21,Ayodhya,177.0,exact,2470996.0,10.3197253253344,1.3759633767112531,0.4856341329569129,0.0,0.16187804431897096,0.29196345753464825,0.13626306883001593,0.2957595751966928,0.0,0.7089918397277859,0.28659558825782855,0,177.0,0,2020,,False
Uttar Pradesh,Ambedkar Nagar,272,28,10,0,1,2019-20,Ambedkar Nagar,178.0,exact,2397888.0,11.343315450930152,1.167694237595751,0.41703365628419675,0.0,0.04170336562841968,0.3209226500272621,0.10909265696862042,0.2539806999856844,0.0,0.18265198374569622,0.17332959814545262,1,178.0,1,2019,2020.0,True
Uttar Pradesh,Ambedkar Nagar,272,28,10,0,1,2020-21,Ambedkar Nagar,178.0,exact,2397888.0,11.343315450930152,1.167694237595751,0.41703365628419675,0.0,0.04170336562841968,0.3209226500272621,0.10909265696862042,0.2539806999856844,0.0,0.18265198374569622,0.17332959814545262,1,178.0,1,2020,,False
Uttar Pradesh,Sultanpur,244,42,13,0,2,2019-20,Sultanpur,179.0,exact,3797117.0,6.425927881600698,1.1061023402755301,0.3423650100852831,0.0,0.05267154001312048,0.1818009746417009,0.10105749043063848,0.20850620471938433,0.0,0.23069028423406496,0.1444109908051577,1,179.0,1,2019,2020.0,True
Uttar Pradesh,Sultanpur,244,45,14,0,2,2020-21,Sultanpur,179.0,exact,3797117.0,6.425927881600698,1.1851096502952108,0.36870078009184337,0.0,0.05267154001312048,0.1818009746417009,0.11136463993157913,0.22454514354395239,0.0,0.23069028423406496,0.14968020847025948,1,179.0,1,2020,,False
Uttar Pradesh,Bahraich,320,56,14,0,2,2019-20,Bahraich,180.0,exact,3487731.0,9.175019518420429,1.605628415723575,0.40140710393089374,0.0,0.05734387199012768,0.2595776861395397,0.16622475075096352,0.24446385968934584,0.0,0.25115411710364133,0.18428408273669808,1,180.0,1,2019,2020.0,True
Uttar Pradesh,Bahraich,320,56,14,0,2,2020-21,Bahraich,180.0,exact,3487731.0,9.175019518420429,1.605628415723575,0.40140710393089374,0.0,0.05734387199012768,0.2595776861395397,0.16622475075096352,0.24446385968934584,0.0,0.25115411710364133,0.18428408273669808,1,180.0,1,2020,,False
Uttar Pradesh,Shrawasti,125,12,6,0,1,2019-20,Shrawasti,181.0,exact,1117361.0,11.187073828422507,1.0739590875285607,0.5369795437642804,0.0,0.08949659062738005,0.31650229552362347,0.09686414032889465,0.3270298172536572,0.0,0.3919762726638929,0.22647450515401363,0,181.0,0,2019,2020.0,True
Uttar Pradesh,Shravasti,125,12,6,0,1,2020-21,Shrawasti,181.0,fuzzy,1117361.0,11.187073828422507,1.0739590875285607,0.5369795437642804,0.0,0.08949659062738005,0.31650229552362347,0.09686414032889465,0.3270298172536572,0.0,0.3919762726638929,0.22647450515401363,0,181.0,0,2020,,False
Uttar Pradesh,Balrampur,215,27,9,0,3,2019-20,Balrampur,182.0,exact,2148665.0,10.006213160264629,1.2565942108239303,0.41886473694131005,0.0,0.1396215789804367,0.2830936385416725,0.12069038526065078,0.2550958597336232,0.0,0.6115131954027269,0.25407861578773466,0,182.0,0,2019,2020.0,True
Uttar Pradesh,Balrampur,215,26,9,0,3,2020-21,Balrampur,182.0,exact,2148665.0,10.006213160264629,1.210053684497118,0.41886473694131005,0.0,0.1396215789804367,0.2830936385416725,0.1146187931183107,0.2550958597336232,0.0,0.6115131954027269,0.25286429735926663,0,182.0,0,2020,,False
Uttar Pradesh,Gonda,322,52,16,0,2,2019-20,Gonda,183.0,exact,3433919.0,9.377041217337974,1.5143047928620332,0.465939936265241,0.0,0.058242492033155124,0.2652932407549508,0.15431083755018554,0.28376546923897633,0.0,0.2550898841818925,0.191691886345201,1,183.0,1,2019,2020.0,True
Uttar Pradesh,Gonda,322,52,16,0,2,2020-21,Gonda,183.0,exact,3433919.0,9.377041217337974,1.5143047928620332,0.465939936265241,0.0,0.058242492033155124,0.2652932407549508,0.15431083755018554,0.28376546923897633,0.0,0.2550898841818925,0.191691886345201,1,183.0,1,2020,,False
Uttar Pradesh,Siddharth Nagar,278,65,8,0,1,2019-20,Siddharthnagar,184.0,fuzzy,2559297.0,10.862357905315406,2.5397599418902925,0.31258583900188214,0.0,0.03907322987523527,0.3073155022090609,0.2880898451497454,0.19037017516209262,0.0,0.17113254147525667,0.19138161279923113,1,184.0,1,2019,2020.0,True
Uttar Pradesh,Siddharth Nagar,278,64,8,0,1,2020-21,Siddharthnagar,184.0,fuzzy,2559297.0,10.862357905315406,2.500686712015057,0.31258583900188214,0.0,0.03907322987523527,0.3073155022090609,0.2829924228769411,0.19037017516209262,0.0,0.17113254147525667,0.19036212834467026,1,184.0,1,2020,,False
Uttar Pradesh,Basti,273,39,14,0,3,2019-20,Basti,185.0,exact,2464464.0,11.077459439456206,1.5824942056366011,0.5680748430490362,0.0,0.12173032351050776,0.3134011087197865,0.1632067039158895,0.34596739161869755,0.0,0.5331532536080869,0.2711456915724921,0,185.0,0,2019,2020.0,True
Uttar Pradesh,Basti,273,41,14,0,3,2020-21,Basti,185.0,exact,2464464.0,11.077459439456206,1.6636477546436061,0.5680748430490362,0.0,0.12173032351050776,0.3134011087197865,0.1737938478388854,0.34596739161869755,0.0,0.5331532536080869,0.27326312035709127,0,185.0,0,2020,,False
Uttar Pradesh,Sant Kabir Nagar,185,23,4,0,1,2019-20,Sant Kabir Nagar,186.0,exact,1715183.0,10.786021083464563,1.3409647833496485,0.23321126666950406,0.0,0.058302816667376016,0.3051557972031472,0.13169721620181193,0.14202968959633408,0.0,0.2553540934116068,0.16684735928258002,1,186.0,1,2019,2020.0,True
Uttar Pradesh,Sant Kabir Nagar,185,23,4,0,1,2020-21,Sant Kabir Nagar,186.0,exact,1715183.0,10.786021083464563,1.3409647833496485,0.23321126666950406,0.0,0.058302816667376016,0.3051557972031472,0.13169721620181193,0.14202968959633408,0.0,0.2553540934116068,0.16684735928258002,1,186.0,1,2020,,False
Uttar Pradesh,Maharajganj,291,40,12,0,1,2019-20,Mahrajganj,187.0,fuzzy,2684703.0,10.839187798426865,1.489922721433246,0.4469768164299738,0.0,0.03724806803583115,0.3066599785099932,0.15112999700142465,0.27221660171450146,0.0,0.16313871590265294,0.17862905862571446,1,187.0,1,2019,2020.0,True
Uttar Pradesh,Maharajganj,291,40,12,0,1,2020-21,Mahrajganj,187.0,fuzzy,2684703.0,10.839187798426865,1.489922721433246,0.4469768164299738,0.0,0.03724806803583115,0.3066599785099932,0.15112999700142465,0.27221660171450146,0.0,0.16313871590265294,0.17862905862571446,1,187.0,1,2020,,False
Uttar Pradesh,Gorakhpur,529,91,9,0,2,2019-20,Gorakhpur,188.0,exact,4440895.0,11.91201323156706,2.0491364916306285,0.2026618508206116,0.0,0.045035966849024806,0.33701212577323136,0.2240840050669227,0.12342456767263028,0.0,0.19724807724569035,0.17635375515169496,1,188.0,1,2019,2020.0,True
Uttar Pradesh,Gorakhpur,529,85,15,0,2,2020-21,Gorakhpur,188.0,exact,4440895.0,11.91201323156706,1.9140285910835542,0.337769751367686,0.0,0.045035966849024806,0.33701212577323136,0.20645807489223347,0.20570761278771713,0.0,0.19724807724569035,0.18928517813977447,1,188.0,1,2020,,False
Uttar Pradesh,Kushinagar,368,57,16,0,1,2019-20,Kushinagar,189.0,exact,3564544.0,10.323901177822465,1.5990825193909797,0.44886526860097675,0.0,0.028054079287561047,0.2920815998584151,0.16537078505967606,0.2733667017053616,0.0,0.122870975922867,0.17073801250926396,1,189.0,1,2019,2020.0,True
Uttar Pradesh,Kushi Nagar,368,55,16,0,1,2020-21,Kushinagar,189.0,fuzzy,3564544.0,10.323901177822465,1.5429743608158573,0.44886526860097675,0.0,0.028054079287561047,0.2920815998584151,0.15805101707223018,0.2733667017053616,0.0,0.122870975922867,0.16927405891177477,1,189.0,1,2020,,False
Uttar Pradesh,Deoria,320,77,16,0,2,2019-20,Deoria,190.0,exact,3100946.0,10.31943155411284,2.4831132177084028,0.5159715777056421,0.0,0.06449644721320526,0.29195514622219887,0.28069981687595846,0.3142356030590782,0.0,0.28248089453992425,0.23387429213943195,0,190.0,0,2019,2020.0,True
Uttar Pradesh,Deoria,320,76,16,0,2,2020-21,Deoria,190.0,exact,3100946.0,10.31943155411284,2.4508649941018,0.5159715777056421,0.0,0.06449644721320526,0.29195514622219887,0.27649277246740667,0.3142356030590782,0.0,0.28248089453992425,0.2330328832577216,0,190.0,0,2020,,False
Uttar Pradesh,Azamgarh,493,77,19,0,4,2019-20,Azamgarh,191.0,exact,4613913.0,10.685073602384788,1.668865451082411,0.41179796844890654,0.0,0.08669430914713823,0.30229981270004136,0.17447453899558837,0.25079207565938455,0.0,0.3797028682595446,0.22145385912291177,0,191.0,0,2019,2020.0,True
Uttar Pradesh,Azamgarh,493,75,19,0,4,2020-21,Azamgarh,191.0,exact,4613913.0,10.685073602384788,1.625518296508842,0.41179796844890654,0.0,0.08669430914713823,0.30229981270004136,0.16881954830524762,0.25079207565938455,0.0,0.3797028682595446,0.2203228609848436,0,191.0,0,2020,,False
Uttar Pradesh,Maunathbhanjan,225,43,6,0,2,2019-20,Mau,192.0,crosswalk,2205968.0,10.199603983376006,1.9492576501563033,0.27198943955669347,0.0,0.09066314651889783,0.28856501026824893,0.2110539936565838,0.16564626668943686,0.0,0.3970855424920035,0.21247016262125462,0,192.0,0,2019,2020.0,True
Uttar Pradesh,Mau,225,43,6,0,2,2020-21,Mau,192.0,exact,2205968.0,10.199603983376006,1.9492576501563033,0.27198943955669347,0.0,0.09066314651889783,0.28856501026824893,0.2110539936565838,0.16564626668943686,0.0,0.3970855424920035,0.21247016262125462,0,192.0,0,2020,,False
Uttar Pradesh,Ballia,367,81,9,0,2,2019-20,Ballia,193.0,exact,3239774.0,11.327950653348042,2.5001743948806308,0.27779715498673674,0.0,0.06173270110816372,0.32048795246652567,0.28292558691840625,0.1691832657014179,0.0,0.2703762669865244,0.20859461441457486,0,193.0,0,2019,2020.0,True
Uttar Pradesh,Ballia,367,81,9,0,2,2020-21,Ballia,193.0,exact,3239774.0,11.327950653348042,2.5001743948806308,0.27779715498673674,0.0,0.06173270110816372,0.32048795246652567,0.28292558691840625,0.1691832657014179,0.0,0.2703762669865244,0.20859461441457486,0,193.0,0,2020,,False
Uttar Pradesh,Jaunpur,507,83,22,0,2,2019-20,Jaunpur,194.0,exact,4494204.0,11.281196848207157,1.8468231526650771,0.48951938986303245,0.0,0.04450176271482113,0.3191652038301523,0.19769057602557225,0.29812576376150257,0.0,0.19490837532074645,0.2019779837875947,1,194.0,1,2019,2020.0,True
Uttar Pradesh,Jaunpur,507,83,22,0,2,2020-21,Jaunpur,194.0,exact,4494204.0,11.281196848207157,1.8468231526650771,0.48951938986303245,0.0,0.04450176271482113,0.3191652038301523,0.19769057602557225,0.29812576376150257,0.0,0.19490837532074645,0.2019779837875947,1,194.0,1,2020,,False
Uttar Pradesh,Ghazipur,418,12,6,0,2,2019-20,Ghazipur,195.0,exact,3620268.0,11.54610653133967,0.3314671731485072,0.1657335865742536,0.0,0.05524452885808454,0.3266599718189766,0.0,0.10093461689476127,0.0,0.2419594350473501,0.1339108047522176,1,195.0,0,2019,2020.0,True
Uttar Pradesh,Ghazipur,418,60,17,0,2,2020-21,Ghazipur,195.0,exact,3620268.0,11.54610653133967,1.657335865742536,0.4695784952937186,0.0,0.05524452885808454,0.3266599718189766,0.1729704103301226,0.28598141453515696,0.0,0.2419594350473501,0.20551424634632126,0,195.0,1,2020,,False
Uttar Pradesh,Chandauli,248,30,4,0,4,2019-20,Chandauli,196.0,exact,1952756.0,12.6999993854839,1.5362902482440202,0.20483869976586938,0.0,0.20483869976586938,0.35930566118567075,0.1571790199425737,0.12475030628041041,0.0,0.8971504888475571,0.30767709525124237,0,196.0,0,2019,2020.0,True
Uttar Pradesh,Chandauli,248,30,4,0,4,2020-21,Chandauli,196.0,exact,1952756.0,12.6999993854839,1.5362902482440202,0.20483869976586938,0.0,0.20483869976586938,0.35930566118567075,0.1571790199425737,0.12475030628041041,0.0,0.8971504888475571,0.30767709525124237,0,196.0,0,2020,,False
Uttar Pradesh,Varanasi,320,51,12,0,4,2019-20,Varanasi,197.0,exact,3676841.0,8.703123142937104,1.3870602509056007,0.3263671178601414,0.0,0.10878903928671378,0.24622689500501732,0.137710746789002,0.1987632120270437,0.0,0.47647314637755617,0.21183480003972383,0,197.0,0,2019,2020.0,True
Uttar Pradesh,Varanasi,320,51,12,0,4,2020-21,Varanasi,197.0,exact,3676841.0,8.703123142937104,1.3870602509056007,0.3263671178601414,0.0,0.10878903928671378,0.24622689500501732,0.137710746789002,0.1987632120270437,0.0,0.47647314637755617,0.21183480003972383,0,197.0,0,2020,,False
Uttar Pradesh,Sant Ravidas Nagar,161,17,6,0,2,2019-20,Bhadohi,198.0,crosswalk,1578213.0,10.201411343082334,1.0771676573440976,0.3801768202390932,0.0,0.1267256067463644,0.288616143701769,0.09728272449236897,0.2315342502161392,0.0,0.5550315451716594,0.23449293271638733,0,198.0,0,2019,2020.0,True
Uttar Pradesh,Bhadohi,161,17,6,0,2,2020-21,Bhadohi,198.0,exact,1578213.0,10.201411343082334,1.0771676573440976,0.3801768202390932,0.0,0.1267256067463644,0.288616143701769,0.09728272449236897,0.2315342502161392,0.0,0.5550315451716594,0.23449293271638733,0,198.0,0,2020,,False
Uttar Pradesh,Mirzapur,263,38,16,0,2,2019-20,Mirzapur,199.0,exact,2496970.0,10.532765712042996,1.5218444755043112,0.6407766212649731,0.0,0.08009707765812164,0.29799075050389645,0.1552944507900775,0.3902440303101905,0.0,0.3508083797562646,0.23886752227208582,0,199.0,0,2019,2020.0,True
Uttar Pradesh,Mirzapur,263,39,16,0,2,2020-21,Mirzapur,199.0,exact,2496970.0,10.532765712042996,1.5618930143333722,0.6407766212649731,0.0,0.08009707765812164,0.29799075050389645,0.16051911008935668,0.3902440303101905,0.0,0.3508083797562646,0.23991245413194165,0,199.0,0,2020,,False
Uttar Pradesh,Sonbhadra,173,31,7,0,2,2019-20,Sonbhadra,200.0,exact,1862559.0,9.28829637074584,1.6643768063186186,0.37582702078162356,0.0,0.10737914879474958,0.262782490571919,0.17388895859011072,0.22888514721364042,0.0,0.4702981220997563,0.22717094369508528,0,200.0,0,2019,2020.0,True
Uttar Pradesh,Sonbhadra,173,31,7,0,2,2020-21,Sonbhadra,200.0,exact,1862559.0,9.28829637074584,1.6643768063186186,0.37582702078162356,0.0,0.10737914879474958,0.262782490571919,0.17388895859011072,0.22888514721364042,0.0,0.4702981220997563,0.22717094369508528,0,200.0,0,2020,,False
Uttar Pradesh,Etah,191,34,4,0,2,2019-20,Etah,201.0,exact,1774480.0,10.763716694468238,1.9160542806906813,0.2254181506694919,0.0,0.11270907533474595,0.3045247662091751,0.206722342662114,0.1372835473439594,0.0,0.49364208106036694,0.2284345474551231,0,201.0,0,2019,2020.0,True
Uttar Pradesh,Etah,191,34,4,0,2,2020-21,Etah,201.0,exact,1774480.0,10.763716694468238,1.9160542806906813,0.2254181506694919,0.0,0.11270907533474595,0.3045247662091751,0.206722342662114,0.1372835473439594,0.0,0.49364208106036694,0.2284345474551231,0,201.0,0,2020,,False
Uttar Pradesh,Kashi Ram Nagar,170,31,7,0,1,2019-20,Kasganj,202.0,crosswalk,1436719.0,11.832515613700382,2.1576940236747757,0.48722123115236865,0.0,0.06960303302176696,0.3347629962037511,0.2382462226130391,0.2967261454112397,0.0,0.3048466679984047,0.23491640644528694,0,202.0,0,2019,2020.0,True
Uttar Pradesh,Kasganj,170,31,7,0,1,2020-21,Kasganj,202.0,exact,1436719.0,11.832515613700382,2.1576940236747757,0.48722123115236865,0.0,0.06960303302176696,0.3347629962037511,0.2382462226130391,0.2967261454112397,0.0,0.3048466679984047,0.23491640644528694,0,202.0,0,2020,,False
Maharashtra,Nandurbar,292,61,12,2,1,2019-20,Nandurbar,497.0,exact,1648295.0,17.715275481634052,3.7007938506153324,0.7280250197931802,0.12133750329886338,0.06066875164943169,0.5011967777959302,0.4395562103494909,0.4433798120316614,0.057152289689244545,0.26571639178666445,0.3414002963305983,0,497.0,0,2019,2020.0,True
Maharashtra,Nandurbar,293,61,12,2,0,2020-21,Nandurbar,497.0,exact,1648295.0,17.775944233283486,3.7007938506153324,0.7280250197931802,0.12133750329886338,0.0,0.5029132051171492,0.4395562103494909,0.4433798120316614,0.057152289689244545,0.0,0.2886003034375092,0,497.0,0,2020,,False
Maharashtra,Dhule,232,49,5,2,0,2019-20,Dhule,498.0,exact,2050862.0,11.31231647960711,2.3892392564687435,0.2437999241294636,0.09751996965178546,0.0,0.3200456337732273,0.26845319118396044,0.14847836488444194,0.045933774838742614,0.0,0.15658219293607448,1,498.0,1,2019,2020.0,True
Maharashtra,Dhule,232,47,5,2,1,2020-21,Dhule,498.0,exact,2050862.0,11.31231647960711,2.291719286816958,0.2437999241294636,0.09751996965178546,0.04875998482589273,0.3200456337732273,0.2557309138873689,0.14847836488444194,0.045933774838742614,0.21355849394059673,0.19674943626487548,1,498.0,1,2020,,False
Maharashtra,Jalgaon,442,95,19,3,0,2019-20,Jalgaon,499.0,exact,4229917.0,10.449377611901133,2.24590695278418,0.449181390556836,0.07092337745634253,0.0,0.2956315522435614,0.24975432038297993,0.2735592254367682,0.03340627014667191,0.0,0.1704702736419963,1,499.0,1,2019,2020.0,True
Maharashtra,Jalgaon,443,95,17,3,0,2020-21,Jalgaon,499.0,exact,4229917.0,10.473018737719913,2.24590695278418,0.4018991389192743,0.07092337745634253,0.0,0.2963004019092708,0.24975432038297993,0.24476351749605577,0.03340627014667191,0.0,0.16484490198699567,1,499.0,1,2020,,False
Maharashtra,Buldana,280,58,12,2,2,2019-20,Buldhana,500.0,fuzzy,2586258.0,10.826452735960604,2.2426223524489823,0.46399083154116877,0.07733180525686147,0.07733180525686147,0.3062996808516397,0.24932581741664314,0.28257843079566203,0.03642476246891584,0.3386970673459493,0.242665151775762,0,500.0,0,2019,2020.0,True
Maharashtra,Buldhana,280,58,12,1,2,2020-21,Buldhana,500.0,exact,2586258.0,10.826452735960604,2.2426223524489823,0.46399083154116877,0.03866590262843073,0.07733180525686147,0.3062996808516397,0.24932581741664314,0.28257843079566203,0.01821238123445792,0.3386970673459493,0.2390226755288704,0,500.0,0,2020,,False
Maharashtra,Akola,178,45,5,1,1,2019-20,Akola,501.0,exact,1813906.0,9.813077414154868,2.4808341777357814,0.27564824197064236,0.05512964839412847,0.05512964839412847,0.2776294833989665,0.28040249747968266,0.16787454055702797,0.02596712104522873,0.24145628274011993,0.19866598504420513,1,501.0,1,2019,2020.0,True
Maharashtra,Akola,179,42,5,1,0,2020-21,Akola,501.0,exact,1813906.0,9.868207062548997,2.3154452325533956,0.27564824197064236,0.05512964839412847,0.0,0.2791891995978371,0.25882615747553506,0.16787454055702797,0.02596712104522873,0.0,0.14637140373512575,1,501.0,1,2020,,False
Maharashtra,Washim,153,26,7,0,1,2019-20,Washim,502.0,exact,1197160.0,12.780246583581143,2.171806608974573,0.5847171639546929,0.0,0.08353102342209896,0.36157599771840976,0.2400873247400898,0.35610285250851265,0.0,0.3658483410738748,0.2647229032081774,0,502.0,0,2019,2020.0,True
Maharashtra,Washim,150,27,6,1,1,2020-21,Washim,502.0,exact,1197160.0,12.529653513314846,2.2553376323966723,0.5011861405325938,0.08353102342209896,0.08353102342209896,0.35448627227295076,0.2509846296371137,0.3052310164358679,0.03934471304309087,0.3658483410738748,0.26317899449257964,0,502.0,0,2020,,False
Maharashtra,Amravati,334,74,10,4,3,2019-20,Amravati,503.0,exact,2888445.0,11.563315209394673,2.5619321122610956,0.34620704219744536,0.13848281687897812,0.10386211265923359,0.3271468360509349,0.2909823860388766,0.21084606863806402,0.06522806100398888,0.45489424240378473,0.26981951882712985,0,503.0,0,2019,2020.0,True
Maharashtra,Amravati,339,75,10,4,1,2020-21,Amravati,503.0,exact,2888445.0,11.736418730493398,2.5965528164808402,0.34620704219744536,0.13848281687897812,0.03462070421974453,0.33204424377624836,0.2954989399391659,0.21084606863806402,0.06522806100398888,0.1516314141345949,0.21104974549841243,0,503.0,0,2020,,False
Maharashtra,Wardha,181,32,7,2,1,2019-20,Wardha,504.0,exact,1300774.0,13.91479226983319,2.4600737714622216,0.538141137507361,0.15375461071638885,0.07687730535819443,0.39367432115691997,0.2776941327586392,0.3277372479070853,0.07242136861079121,0.3367064532347664,0.2816467047336404,0,504.0,0,2019,2020.0,True
Maharashtra,Wardha,181,32,8,2,1,2020-21,Wardha,504.0,exact,1300774.0,13.91479226983319,2.4600737714622216,0.6150184428655554,0.15375461071638885,0.07687730535819443,0.39367432115691997,0.2776941327586392,0.37455685475095457,0.07242136861079121,0.3367064532347664,0.29101062610241424,0,504.0,0,2020,,False
Maharashtra,Nagpur,316,95,12,2,1,2019-20,Nagpur,505.0,exact,4653570.0,6.790485584185904,2.041443450941965,0.2578665411716166,0.042977756861936105,0.021488878430968052,0.19211496304373385,0.22308038501613095,0.15704517763195294,0.02024334722231176,0.09411677486316956,0.13732012955545983,1,505.0,1,2019,2020.0,True
Maharashtra,Nagpur,316,84,10,2,0,2020-21,Nagpur,505.0,exact,4653570.0,6.790485584185904,1.8050657882013164,0.21488878430968053,0.042977756861936105,0.0,0.19211496304373385,0.19224298645207535,0.1308709813599608,0.02024334722231176,0.0,0.10709445561561637,1,505.0,1,2020,,False
Maharashtra,Bhandara,193,35,7,2,1,2019-20,Bhandara,506.0,exact,1200334.0,16.078858051175757,2.915855087000785,0.583171017400157,0.16662029068575915,0.08331014534287957,0.45489960651428213,0.33715453152200875,0.35516122255063254,0.07848135046856404,0.3648809414712905,0.3181155305053556,0,506.0,0,2019,2020.0,True
Maharashtra,Bhandara,193,34,7,2,1,2020-21,Bhandara,506.0,exact,1200334.0,16.078858051175757,2.8325449416579054,0.583171017400157,0.16662029068575915,0.08331014534287957,0.45489960651428213,0.3262860419761648,0.35516122255063254,0.07848135046856404,0.3648809414712905,0.3159418325961868,0,506.0,0,2020,,False
Maharashtra,Gondiya,258,41,10,1,0,2019-20,Gondia,507.0,fuzzy,1322507.0,19.50840335816748,3.10017262668553,0.7561396650452512,0.07561396650452512,0.0,0.5519275674371262,0.36120026142602635,0.4605021166067724,0.03561562749132267,0.0,0.28184911459224954,0,507.0,0,2019,2020.0,True
Maharashtra,Gondia,258,41,10,1,0,2020-21,Gondia,507.0,exact,1322507.0,19.50840335816748,3.10017262668553,0.7561396650452512,0.07561396650452512,0.0,0.5519275674371262,0.36120026142602635,0.4605021166067724,0.03561562749132267,0.0,0.28184911459224954,0,507.0,0,2020,,False
Maharashtra,Gadchiroli,376,48,9,3,2,2019-20,Gadchiroli,508.0,exact,1072942.0,35.043832751444164,4.473680776780105,0.8388151456462697,0.27960504854875656,0.18640336569917107,0.9914526068111258,0.5403856284542004,0.5108529123238212,0.1316993369632282,0.8164075970555725,0.5981596163215896,0,508.0,0,2019,2020.0,True
Maharashtra,Gadchiroli,376,48,9,3,1,2020-21,Gadchiroli,508.0,exact,1072942.0,35.043832751444164,4.473680776780105,0.8388151456462697,0.27960504854875656,0.09320168284958553,0.9914526068111258,0.5403856284542004,0.5108529123238212,0.1316993369632282,0.40820379852778627,0.5165188566160325,0,508.0,0,2020,,False
Maharashtra,Chandrapur,339,67,10,3,0,2019-20,Chandrapur,509.0,exact,2204307.0,15.37898305453823,3.0395040255282044,0.4536573172430156,0.13609719517290467,0.0,0.4350988930826268,0.3532855464207221,0.2762851421001125,0.06410438745601225,0.0,0.22575479381189473,0,509.0,0,2019,2020.0,True
Maharashtra,Chandrapur,339,67,10,3,0,2020-21,Chandrapur,509.0,exact,2204307.0,15.37898305453823,3.0395040255282044,0.4536573172430156,0.13609719517290467,0.0,0.4350988930826268,0.3532855464207221,0.2762851421001125,0.06410438745601225,0.0,0.22575479381189473,0,509.0,0,2020,,False
Maharashtra,Yavatmal,444,69,14,3,0,2019-20,Yavatmal,510.0,exact,2772348.0,16.015305437845466,2.4888650342597685,0.5049871084005327,0.10821152322868557,0.0,0.45310158959635866,0.28145018836793995,0.3075458715205241,0.05096970149490612,0.0,0.21861347019594576,0,510.0,0,2019,2020.0,True
Maharashtra,Yavatmal,444,69,14,3,0,2020-21,Yavatmal,510.0,exact,2772348.0,16.015305437845466,2.4888650342597685,0.5049871084005327,0.10821152322868557,0.0,0.45310158959635866,0.28145018836793995,0.3075458715205241,0.05096970149490612,0.0,0.21861347019594576,0,510.0,0,2020,,False
Maharashtra,Nanded,379,80,13,4,2,2019-20,Nanded,511.0,exact,3361292.0,11.275426234912052,2.3800371999814356,0.38675604499698335,0.11900185999907177,0.059500929999535886,0.31900194287536715,0.2672527076855708,0.23554111173484918,0.05605215692854612,0.26060157820266727,0.2276898994854001,0,511.0,1,2019,2020.0,True
Maharashtra,Nanded,379,76,13,4,1,2020-21,Nanded,511.0,exact,3361292.0,11.275426234912052,2.2610353399823637,0.38675604499698335,0.11900185999907177,0.029750464999767943,0.31900194287536715,0.25172794217216565,0.23554111173484918,0.05605215692854612,0.13030078910133364,0.19852478856245237,1,511.0,1,2020,,False
Maharashtra,Hingoli,132,27,3,2,2,2019-20,Hingoli,512.0,exact,1177345.0,11.211666928555351,2.293295508113595,0.2548106120126216,0.16987374134174774,0.16987374134174774,0.31719807824263185,0.2559365448416054,0.15518406398989407,0.0800137880853389,0.7440113135911733,0.3104687577501287,0,512.0,0,2019,2020.0,True
Maharashtra,Hingoli,132,27,3,2,1,2020-21,Hingoli,512.0,exact,1177345.0,11.211666928555351,2.293295508113595,0.2548106120126216,0.16987374134174774,0.08493687067087387,0.31719807824263185,0.2559365448416054,0.15518406398989407,0.0800137880853389,0.37200565679558667,0.23606762639101136,0,512.0,0,2020,,False
Maharashtra,Parbhani,214,38,6,2,2,2019-20,Parbhani,513.0,exact,1836086.0,11.655227478451446,2.069619832622219,0.32678207883508725,0.10892735961169575,0.10892735961169575,0.3297471982716029,0.22675622435684004,0.19901593042829346,0.05130687415150126,0.47707896035370895,0.25678103751238934,0,513.0,0,2019,2020.0,True
Maharashtra,Parbhani,215,38,6,2,1,2020-21,Parbhani,513.0,exact,1836086.0,11.709691158257293,2.069619832622219,0.32678207883508725,0.10892735961169575,0.054463679805847875,0.3312880730298814,0.22675622435684004,0.19901593042829346,0.05130687415150126,0.23853948017685447,0.20938131642867414,0,513.0,0,2020,,False
Maharashtra,Jalna,218,43,8,1,2,2019-20,Jalna,514.0,exact,1959046.0,11.127865297701023,2.1949459073446973,0.40836202927343207,0.05104525365917901,0.10209050731835802,0.3148271804599935,0.24310603538329906,0.2486995293534803,0.024043292840835114,0.4471349830478713,0.25556220421709586,0,514.0,0,2019,2020.0,True
Maharashtra,Jalna,218,44,9,1,1,2020-21,Jalna,514.0,exact,1959046.0,11.127865297701023,2.2459911610038765,0.459407282932611,0.05104525365917901,0.05104525365917901,0.3148271804599935,0.24976530603366723,0.2797869705226653,0.024043292840835114,0.22356749152393565,0.2183980482762194,0,514.0,0,2020,,False
Maharashtra,Aurangabad,279,82,11,3,1,2019-20,Chhatrapati Sambhajinagar,515.0,crosswalk,3701282.0,7.537928750092536,2.215448593217161,0.29719432348035085,0.08105299731282296,0.027017665770940988,0.21326146492717157,0.2457807783710766,0.18099647635603014,0.03817751525012145,0.11833170236690964,0.15930958745426188,1,515.0,1,2019,2020.0,True
Maharashtra,Aurangabad,279,73,10,3,1,2020-21,Chhatrapati Sambhajinagar,515.0,crosswalk,3701282.0,7.537928750092536,1.9722896012786921,0.2701766577094099,0.08105299731282296,0.027017665770940988,0.21326146492717157,0.21405869997372945,0.1645422512327547,0.03817751525012145,0.11833170236690964,0.14967432675013737,1,515.0,1,2020,,False
Maharashtra,Nashik,587,156,27,6,4,2019-20,Nashik,516.0,exact,6107187.0,9.61162643292239,2.554367501764724,0.4421020676131253,0.09824490391402785,0.0654966026093519,0.27193007540600467,0.2899955207566253,0.2692477954848339,0.046275232770832134,0.2868613651424134,0.23286199791214188,0,516.0,1,2019,2020.0,True
Maharashtra,Nashik,592,153,24,6,1,2020-21,Nashik,516.0,exact,6107187.0,9.693497186184082,2.5052450498077103,0.3929796156561114,0.09824490391402785,0.016374150652337976,0.27424634521355157,0.28358709530779547,0.2393313737642968,0.046275232770832134,0.07171534128560335,0.18303107766841584,1,516.0,1,2020,,False
Maharashtra,Thane,176,133,11,5,6,2019-20,Thane,517.0,exact,11060148.0,1.5912987782803631,1.2025155540414108,0.0994561736425227,0.04520735165569213,0.05424882198683056,0.045020684042512686,0.11363538237384652,0.06057052762765924,0.021293529104071063,0.23759844804970062,0.09562371423955802,1,517.0,1,2019,2020.0,True
Maharashtra,Thane,176,138,13,3,1,2020-21,Thane,517.0,exact,11060148.0,1.5912987782803631,1.2477229056971029,0.11753911430479953,0.02712441099341528,0.009041470331138425,0.045020684042512686,0.11953305098122911,0.07158335083268819,0.012776117462442636,0.03959974134161676,0.05770258893209788,1,517.0,1,2020,,False
Maharashtra,Mumbai Suburban,0,97,0,0,0,2020-21,Mumbai Suburban,518.0,exact,9356962.0,0.0,1.0366612582160748,0.0,0.0,0.0,0.0,0.09199833357394253,0.0,0.0,0.0,0.018399666714788508,1,518.0,1,2020,,False
Maharashtra,Mumbai,0,37,0,0,0,2020-21,Mumbai,519.0,exact,3085411.0,0.0,1.1991919390966066,0.0,0.0,0.0,0.0,0.11320178963273024,0.0,0.0,0.0,0.022640357926546048,1,519.0,1,2020,,False
Maharashtra,Raigarh,288,59,8,5,1,2019-20,Raigad,520.0,fuzzy,2634200.0,10.933110621820667,2.239769189886873,0.3036975172727963,0.1898109482954977,0.03796218965909954,0.30931722290313135,0.2489535990349412,0.1849570337035222,0.08940459469035508,0.16626641864702757,0.1997797737957955,1,520.0,0,2019,2020.0,True
Maharashtra,Raigad,288,60,8,6,1,2020-21,Raigad,520.0,exact,2634200.0,10.933110621820667,2.277731379545972,0.3036975172727963,0.22777313795459722,0.03796218965909954,0.30931722290313135,0.25390607702845763,0.1849570337035222,0.10728551362842609,0.16626641864702757,0.20434645318211295,0,520.0,1,2020,,False
Maharashtra,Pune,542,193,28,11,2,2019-20,Pune,521.0,exact,9429408.0,5.747974846353027,2.0467880910445277,0.29694334999609734,0.11665631606989538,0.02121023928543552,0.1626204726441242,0.2237776370115743,0.18084362916912322,0.054947360781645395,0.09289639391995765,0.14301709870528495,1,521.0,1,2019,2020.0,True
Maharashtra,Pune,545,192,40,5,1,2020-21,Pune,521.0,exact,9429408.0,5.77979020528118,2.0361829714018103,0.42420478570871045,0.05302559821358881,0.01060511964271776,0.16352058596134258,0.22239411245409194,0.258348041670176,0.02497607308256609,0.04644819695997882,0.14313740202563108,1,521.0,1,2020,,False
Maharashtra,Ahmadnagar,558,106,23,3,1,2019-20,Ahmednagar,522.0,fuzzy,4543159.0,12.282202758036865,2.3331783017059275,0.5062556692380786,0.06603334816148851,0.022011116053829504,0.34748544852978797,0.2611395813197355,0.30831844698209493,0.031102972623234183,0.09640406598140193,0.2088901030872509,0,522.0,0,2019,2020.0,True
Maharashtra,Ahmednagar,565,106,23,2,1,2020-21,Ahmednagar,522.0,exact,4543159.0,12.43628057041367,2.3331783017059275,0.5062556692380786,0.04402223210765901,0.022011116053829504,0.35184458498087845,0.2611395813197355,0.30831844698209493,0.020735315082156123,0.09640406598140193,0.20768839886925336,0,522.0,0,2020,,False
Maharashtra,Bid,297,55,10,3,2,2019-20,Beed,523.0,crosswalk,2585049.0,11.489143919515646,2.127619244354749,0.3868398626099544,0.11605195878298631,0.07736797252199087,0.32504839781152534,0.23432272178024152,0.23559215810890732,0.05466269691599656,0.3388554723720904,0.23769628939775225,0,523.0,0,2019,2020.0,True
Maharashtra,Beed,297,57,10,3,1,2020-21,Beed,523.0,exact,2585049.0,11.489143919515646,2.20498721687674,0.3868398626099544,0.11605195878298631,0.03868398626099544,0.32504839781152534,0.2444160063025242,0.23559215810890732,0.05466269691599656,0.1694277361860452,0.2058293990649997,0,523.0,0,2020,,False
Maharashtra,Latur,252,57,10,2,1,2019-20,Latur,524.0,exact,2454196.0,10.268128543930477,2.3225528849366555,0.4074654184099396,0.0814930836819879,0.04074654184099395,0.2905036924516216,0.25975340883615883,0.2481534778506985,0.038384804364986876,0.1784612964897669,0.20305133599864655,1,524.0,1,2019,2020.0,True
Maharashtra,Latur,252,56,10,1,0,2020-21,Latur,524.0,exact,2454196.0,10.268128543930477,2.281806343095661,0.4074654184099396,0.04074654184099395,0.0,0.2905036924516216,0.2544376893375853,0.2481534778506985,0.019192402182493438,0.0,0.16245745236447978,1,524.0,1,2020,,False
Maharashtra,Osmanabad,211,44,6,3,2,2019-20,Dharashiv,525.0,crosswalk,1657576.0,12.729431410686448,2.654478588010444,0.3619743529105151,0.18098717645525755,0.12065811763683837,0.3601383457358387,0.30305583039606454,0.22044863320678126,0.08524842903130837,0.5284572170446483,0.29946969108292826,0,525.0,0,2019,2020.0,True
Maharashtra,Osmanabad,211,46,6,4,1,2020-21,Dharashiv,525.0,crosswalk,1657576.0,12.729431410686448,2.7751367056472827,0.3619743529105151,0.24131623527367674,0.060329058818419184,0.3601383457358387,0.31879666825872804,0.22044863320678126,0.11366457204174449,0.26422860852232416,0.2554553655530833,0,525.0,0,2020,,False
Maharashtra,Solapur,427,95,16,3,0,2019-20,Solapur,526.0,exact,4317756.0,9.889396251200855,2.2002169645528835,0.37056285718785403,0.06948053572272264,0.0,0.27978867958263504,0.24379368788860842,0.22567918065857273,0.032726664035670386,0.0,0.1563976424330973,1,526.0,1,2019,2020.0,True
Maharashtra,Solapur,427,95,16,3,0,2020-21,Solapur,526.0,exact,4317756.0,9.889396251200855,2.2002169645528835,0.37056285718785403,0.06948053572272264,0.0,0.27978867958263504,0.24379368788860842,0.22567918065857273,0.032726664035670386,0.0,0.1563976424330973,1,526.0,1,2020,,False
Maharashtra,Satara,401,76,15,2,1,2019-20,Satara,527.0,exact,3003741.0,13.35001919273333,2.530178201116541,0.4993772765361594,0.06658363687148793,0.03329181843574396,0.3776958822824129,0.28683982873215425,0.3041293870180249,0.031362169152844184,0.14581117346668707,0.22916768813042468,0,527.0,0,2019,2020.0,True
Maharashtra,Satara,401,76,15,2,1,2020-21,Satara,527.0,exact,3003741.0,13.35001919273333,2.530178201116541,0.4993772765361594,0.06658363687148793,0.03329181843574396,0.3776958822824129,0.28683982873215425,0.3041293870180249,0.031362169152844184,0.14581117346668707,0.22916768813042468,0,527.0,0,2020,,False
Maharashtra,Ratnagiri,378,68,8,3,1,2019-20,Ratnagiri,528.0,exact,1615069.0,23.404572807725245,4.210346431019356,0.4953348742375713,0.18575057783908924,0.06191685927969641,0.6621571586105609,0.5060315102110615,0.30166749419487227,0.08749208238161962,0.27118284110462154,0.36570621730054714,0,528.0,0,2019,2020.0,True
Maharashtra,Ratnagiri,378,70,8,3,1,2020-21,Ratnagiri,528.0,exact,1615069.0,23.404572807725245,4.334180149578748,0.4953348742375713,0.18575057783908924,0.06191685927969641,0.6621571586105609,0.522186631175579,0.30166749419487227,0.08749208238161962,0.27118284110462154,0.36893724149345064,0,528.0,0,2020,,False
Maharashtra,Sindhudurg,248,38,7,3,1,2019-20,Sindhudurg,529.0,exact,849651.0,29.188455024474756,4.472424560201777,0.8238676821424327,0.353086149489614,0.11769538316320464,0.8257935148835059,0.5402217447316034,0.501749648866524,0.16631034389414007,0.5154810622243721,0.5099112629200291,0,529.0,0,2019,2020.0,True
Maharashtra,Sindhudurg,248,38,7,3,1,2020-21,Sindhudurg,529.0,exact,849651.0,29.188455024474756,4.472424560201777,0.8238676821424327,0.353086149489614,0.11769538316320464,0.8257935148835059,0.5402217447316034,0.501749648866524,0.16631034389414007,0.5154810622243721,0.5099112629200291,0,529.0,0,2020,,False
Maharashtra,Kolhapur,413,91,18,4,0,2019-20,Kolhapur,530.0,exact,3876001.0,10.655312008433434,2.347780612027706,0.4643961650164693,0.10319914778143761,0.0,0.30145780406145406,0.2630445720795552,0.28282528588333467,0.04860877658872293,0.0,0.1791872877226134,1,530.0,1,2019,2020.0,True
Maharashtra,Kolhapur,413,92,18,4,0,2020-21,Kolhapur,530.0,exact,3876001.0,10.655312008433434,2.3735803989730653,0.4643961650164693,0.10319914778143761,0.0,0.30145780406145406,0.26641036520770994,0.28282528588333467,0.04860877658872293,0.0,0.17986044634824433,1,530.0,1,2020,,False
Maharashtra,Sangli,320,71,15,2,0,2019-20,Sangli,531.0,exact,2822143.0,11.338900969936676,2.5158186527047,0.5315109829657817,0.07086813106210423,0.0,0.32079775647695485,0.28496650824813863,0.32369936927041226,0.033380248036096447,0.0,0.19256877640632045,1,531.0,1,2019,2020.0,True
Maharashtra,Sangli,320,70,15,2,0,2020-21,Sangli,531.0,exact,2822143.0,11.338900969936676,2.480384587173648,0.5315109829657817,0.07086813106210423,0.0,0.32079775647695485,0.28034384471531226,0.32369936927041226,0.033380248036096447,0.0,0.19164424369975516,1,531.0,1,2020,,False
Karnataka,Belgaum,620,153,16,9,0,2019-20,Belagavi,555.0,crosswalk,4779661.0,12.97163125167245,3.2010638411385237,0.33475177423670843,0.1882978730081485,0.0,0.3669906117370487,0.37436234516789063,0.20386961258625588,0.08869190722940393,0.0,0.20678289534411984,0,555.0,0,2019,2020.0,True
Karnataka,Belagavi,621,153,16,9,1,2020-21,Belagavi,555.0,exact,4779661.0,12.992553237562246,3.2010638411385237,0.33475177423670843,0.1882978730081485,0.020921985889794277,0.3675825320785602,0.37436234516789063,0.20386961258625588,0.08869190722940393,0.09163390458026208,0.22522806032847456,0,555.0,1,2020,,False
Karnataka,Bagalkote,233,55,8,5,1,2019-20,Bagalkote,556.0,exact,1889752.0,12.329660188215174,2.910434808376972,0.4233359721275596,0.2645849825797248,0.05291699651594495,0.34882810397494335,0.3364474118631003,0.25781891919247507,0.1246245980072165,0.23176533217057052,0.2598968730416612,0,556.0,0,2019,2020.0,True
Karnataka,Bagalkot,233,55,8,5,0,2020-21,Bagalkote,556.0,fuzzy,1889752.0,12.329660188215174,2.910434808376972,0.4233359721275596,0.2645849825797248,0.0,0.34882810397494335,0.3364474118631003,0.25781891919247507,0.1246245980072165,0.0,0.21354380660754707,0,556.0,0,2020,,False
Karnataka,Bijapur,310,67,9,4,1,2019-20,Vijayapura,557.0,crosswalk,2177331.0,14.237614767805171,3.0771619014288594,0.4133501061620856,0.18371115829426027,0.04592778957356507,0.40280754609329367,0.3581983241965916,0.251737354336362,0.08653147668713056,0.20115407349640455,0.2600857549619565,0,557.0,0,2019,2020.0,True
Karnataka,Vijayapura,311,66,9,4,0,2020-21,Vijayapura,557.0,exact,2177331.0,14.283542557378734,3.0312341118552943,0.4133501061620856,0.18371115829426027,0.0,0.4041069252742397,0.35220666857302263,0.251737354336362,0.08653147668713056,0.0,0.218916484974151,0,557.0,0,2020,,False
Karnataka,Bidar,275,58,8,4,0,2019-20,Bidar,558.0,exact,1703300.0,16.14513004168379,3.405154699700581,0.46967651030352847,0.23483825515176424,0.0,0.4567745594685945,0.4009876661723705,0.28604110736911775,0.11061331924303804,0.0,0.25088333045062416,0,558.0,0,2019,2020.0,True
Karnataka,Bidar,275,58,8,4,1,2020-21,Bidar,558.0,exact,1703300.0,16.14513004168379,3.405154699700581,0.46967651030352847,0.23483825515176424,0.05870956378794106,0.4567745594685945,0.4009876661723705,0.28604110736911775,0.11061331924303804,0.2571355603827864,0.3023104425271814,0,558.0,0,2020,,False
Karnataka,Raichur,213,57,6,4,0,2019-20,Raichur,559.0,exact,1928812.0,11.043066924096284,2.9551869233497094,0.31107230772102207,0.20738153848068136,0.0,0.3124280830450483,0.3422856911234926,0.1894484084692358,0.0976806794372218,0.0,0.1883685724149997,1,559.0,0,2019,2020.0,True
Karnataka,Raichur,213,57,6,4,1,2020-21,Raichur,559.0,exact,1928812.0,11.043066924096284,2.9551869233497094,0.31107230772102207,0.20738153848068136,0.05184538462017034,0.3124280830450483,0.3422856911234926,0.1894484084692358,0.0976806794372218,0.22707189710557585,0.2337829518361149,0,559.0,1,2020,,False
Karnataka,Koppal,176,48,9,3,0,2019-20,Koppal,560.0,exact,1389920.0,12.66259928628986,3.4534361689881434,0.6475192816852768,0.21583976056175896,0.0,0.3582475455935799,0.4072863785566805,0.39435042697029,0.10166466415333257,0.0,0.25230980305477657,0,560.0,0,2019,2020.0,True
Karnataka,Koppal,176,48,9,3,1,2020-21,Koppal,560.0,exact,1389920.0,12.66259928628986,3.4534361689881434,0.6475192816852768,0.21583976056175896,0.07194658685391965,0.3582475455935799,0.4072863785566805,0.39435042697029,0.10166466415333257,0.31511094163692877,0.31533199138216234,0,560.0,0,2020,,False
Karnataka,Gadag,191,42,2,4,1,2019-20,Gadag,561.0,exact,1064570.0,17.941516292963357,3.9452548916463925,0.18786928055459012,0.37573856110918025,0.09393464027729506,0.5075975343498851,0.47144815169561527,0.11441563687259133,0.1769800639381785,0.41141399814009416,0.3363710769992728,0,561.0,0,2019,2020.0,True
Karnataka,Gadag,190,42,2,4,2,2020-21,Gadag,561.0,exact,1064570.0,17.84758165268606,3.9452548916463925,0.18786928055459012,0.37573856110918025,0.18786928055459012,0.5049399556360112,0.47144815169561527,0.11441563687259133,0.1769800639381785,0.8228279962801883,0.41812236088451693,0,561.0,0,2020,,False
Karnataka,Dharwad,185,53,0,3,1,2019-20,Dharwad,562.0,exact,1847023.0,10.01611782852731,2.869482404929446,0.0,0.16242353235449694,0.05414117745149898,0.2833738592937314,0.3311048360349732,0.0,0.07650459685667152,0.23712698759030074,0.18562205595513537,1,562.0,1,2019,2020.0,True
Karnataka,Dharwad,185,53,0,3,0,2020-21,Dharwad,562.0,exact,1847023.0,10.01611782852731,2.869482404929446,0.0,0.16242353235449694,0.0,0.2833738592937314,0.3311048360349732,0.0,0.07650459685667152,0.0,0.13819665843707524,1,562.0,1,2020,,False
Karnataka,Uttara Kannada,344,85,3,10,0,2019-20,Uttara Kannada,563.0,exact,1437169.0,23.935946294416315,5.914405334376124,0.20874371768386318,0.695812392279544,0.0,0.6771906634302776,0.7283399253555841,0.12712852964277813,0.32774097316785056,0.0,0.37208001831929804,0,563.0,0,2019,2020.0,True
Karnataka,Uttar Kannad,344,85,3,10,1,2020-21,Uttara Kannada,563.0,fuzzy,1437169.0,23.935946294416315,5.914405334376124,0.20874371768386318,0.695812392279544,0.0695812392279544,0.6771906634302776,0.7283399253555841,0.12712852964277813,0.32774097316785056,0.3047512157582024,0.43303026147093854,0,563.0,0,2020,,False
Karnataka,Haveri,311,72,5,6,1,2019-20,Haveri,564.0,exact,1597668.0,19.465871507722508,4.506568323331256,0.3129561335646705,0.3755473602776046,0.0625912267129341,0.550724265438305,0.5446760777675287,0.19059569094682774,0.17689000468182375,0.27413642884504164,0.3474044935359054,0,564.0,0,2019,2020.0,True
Karnataka,Haveri,310,72,5,6,1,2020-21,Haveri,564.0,exact,1597668.0,19.40328028100957,4.506568323331256,0.3129561335646705,0.3755473602776046,0.0625912267129341,0.5489534478645482,0.5446760777675287,0.19059569094682774,0.17689000468182375,0.27413642884504164,0.34705033002115404,0,564.0,0,2020,,False
Karnataka,Bellary,293,74,11,6,1,2019-20,Ballari,565.0,crosswalk,2452595.0,11.9465301038288,3.0172123811717793,0.4485045431471564,0.24463884171663075,0.040773140286105125,0.33798866972678787,0.3503774191734301,0.2731470136732726,0.11522958335966599,0.17857779209368038,0.2510640956053674,0,565.0,0,2019,2020.0,True
Karnataka,Ballari,350,92,13,7,1,2020-21,Ballari,565.0,exact,2452595.0,14.270599100136794,3.7511289063216715,0.5300508237193666,0.2854119820027359,0.040773140286105125,0.4037407317555487,0.446122829870826,0.32281010706841307,0.1344345139196103,0.17857779209368038,0.2971371949416157,0,565.0,0,2020,,False
Karnataka,Chitradurga,343,86,11,5,1,2019-20,Chitradurga,566.0,exact,1659456.0,20.66942419684523,5.182421227197347,0.6628678313857072,0.30130355972077594,0.0602607119441552,0.5847749202148174,0.6328466143806271,0.40369795884916504,0.1419197516133801,0.2639292635658915,0.40543370172477616,0,566.0,0,2019,2020.0,True
Karnataka,Chitradurga,343,86,11,5,1,2020-21,Chitradurga,566.0,exact,1659456.0,20.66942419684523,5.182421227197347,0.6628678313857072,0.30130355972077594,0.0602607119441552,0.5847749202148174,0.6328466143806271,0.40369795884916504,0.1419197516133801,0.2639292635658915,0.40543370172477616,0,566.0,0,2020,,False
Karnataka,Davanagere,324,108,6,5,2,2019-20,Davangere,567.0,fuzzy,1945497.0,16.653842180172983,5.551280726724328,0.30840448481801824,0.2570037373483485,0.10280149493933942,0.4711669342809868,0.6809673516329103,0.18782365824072905,0.121053686196038,0.4502489595203694,0.3822521179742068,0,567.0,0,2019,2020.0,True
Karnataka,Davangere,268,90,4,4,0,2020-21,Davangere,567.0,exact,1945497.0,13.775400321871482,4.626067272270273,0.20560298987867884,0.20560298987867884,0.0,0.3897306740348904,0.5602656925970034,0.12521577216048604,0.0968429489568304,0.0,0.23441101754984203,0,567.0,0,2020,,False
Karnataka,Shimoga,356,106,7,7,0,2019-20,Shivamogga,568.0,fuzzy,1752753.0,20.310905187439417,6.047629072664546,0.3993717312136964,0.3993717312136964,0.0,0.5746317772262101,0.7457200511600307,0.2432242825481348,0.18811174002649927,0.0,0.350337570192175,0,568.0,0,2019,2020.0,True
Karnataka,Shivamogga,357,108,7,7,1,2020-21,Shivamogga,568.0,exact,1752753.0,20.367958291898518,6.161735281582745,0.3993717312136964,0.3993717312136964,0.05705310445909948,0.5762459114319017,0.7606061389664941,0.2432242825481348,0.18811174002649927,0.2498806163789193,0.40361373787038984,0,568.0,0,2020,,False
Karnataka,Udupi,336,62,6,2,1,2019-20,Udupi,569.0,exact,1177361.0,28.53840071142156,5.266014416988503,0.5096142984182421,0.16987143280608072,0.08493571640304036,0.8074023175559577,0.6437520293887233,0.3103639101655003,0.0800127007207928,0.3720006013448722,0.44270631183516923,0,569.0,0,2019,2020.0,True
Karnataka,Udupi,336,62,6,2,1,2020-21,Udupi,569.0,exact,1177361.0,28.53840071142156,5.266014416988503,0.5096142984182421,0.16987143280608072,0.08493571640304036,0.8074023175559577,0.6437520293887233,0.3103639101655003,0.0800127007207928,0.3720006013448722,0.44270631183516923,0,569.0,0,2020,,False
Karnataka,Chikmagalur,368,91,5,6,1,2019-20,Chikkamagaluru,570.0,fuzzy,1137961.0,32.33854235777852,7.996759115646318,0.43938236899155597,0.5272588427898671,0.08787647379831119,0.9149151106986219,1.0,0.26759145204768564,0.24834902074851423,0.38488050117710537,0.5631472169343854,0,570.0,0,2019,2020.0,True
Karnataka,Chikkamagaluru,367,91,5,6,1,2020-21,Chikkamagaluru,570.0,exact,1137961.0,32.250665883980204,7.996759115646318,0.43938236899155597,0.5272588427898671,0.08787647379831119,0.9124289283325928,1.0,0.26759145204768564,0.24834902074851423,0.38488050117710537,0.5626499804611795,0,570.0,0,2020,,False
Karnataka,Tumkur,569,150,4,9,1,2019-20,Tumakuru,571.0,fuzzy,2678980.0,21.23942694607649,5.599145943605402,0.14931055849614405,0.3359487566163241,0.03732763962403601,0.600901315852622,0.6872117604878034,0.09093270912470758,0.1582383033841238,0.1634872227489567,0.34015426231964274,0,571.0,0,2019,2020.0,True
Karnataka,Tumakuru,572,150,4,10,1,2020-21,Tumakuru,571.0,exact,2678980.0,21.3514098649486,5.599145943605402,0.14931055849614405,0.37327639624036013,0.03732763962403601,0.6040695125970119,0.6872117604878034,0.09093270912470758,0.1758203370934709,0.1634872227489567,0.34430430841039017,0,571.0,0,2020,,False
Karnataka,Bangalore Urban,279,203,11,5,7,2019-20,Bengaluru Urban,572.0,fuzzy,9621551.0,2.899740384892207,2.109846946713685,0.11432668184162824,0.051966673564376474,0.07275334299012706,0.0820388335964307,0.2320041802590072,0.06962692397514704,0.024477299276731306,0.3186443640947286,0.14535832024040898,1,572.0,1,2019,2020.0,True
Karnataka,Bengaluru Urban,279,203,11,4,0,2020-21,Bengaluru Urban,572.0,exact,9621551.0,2.899740384892207,2.109846946713685,0.11432668184162824,0.041573338851501176,0.0,0.0820388335964307,0.2320041802590072,0.06962692397514704,0.01958183942138504,0.0,0.08065035545039399,1,572.0,1,2020,,False
Karnataka,Mandya,410,117,9,6,0,2019-20,Mandya,573.0,exact,1805769.0,22.705008226412126,6.479234054854192,0.49840261960416865,0.33226841306944577,0.0,0.6423652273827462,0.80202644958913,0.30353580411145914,0.15650479103362613,0.0,0.3808864544233923,0,573.0,0,2019,2020.0,True
Karnataka,Mandya,410,116,10,6,0,2020-21,Mandya,573.0,exact,1805769.0,22.705008226412126,6.4238559860092845,0.5537806884490764,0.33226841306944577,0.0,0.6423652273827462,0.794801927775697,0.337262004568288,0.15650479103362613,0.0,0.3861867901520714,0,573.0,0,2020,,False
Karnataka,Hassan,486,138,15,7,0,2019-20,Hassan,574.0,exact,1776421.0,27.358379573310607,7.768428767730172,0.8443944312750188,0.39405073459500867,0.0,0.7740174123781951,0.9702124394440556,0.5142507936412085,0.18560544863332884,0.0,0.48881721881935764,0,574.0,0,2019,2020.0,True
Karnataka,Hassan,486,138,15,7,0,2020-21,Hassan,574.0,exact,1776421.0,27.358379573310607,7.768428767730172,0.8443944312750188,0.39405073459500867,0.0,0.7740174123781951,0.9702124394440556,0.5142507936412085,0.18560544863332884,0.0,0.48881721881935764,0,574.0,0,2020,,False
Karnataka,Dakshina Kannada,430,80,5,4,2,2019-20,Dakshina Kannada,575.0,exact,2089649.0,20.577618537850135,3.8283941465767697,0.2392746341610481,0.19141970732883848,0.09570985366441924,0.5821775741831693,0.45620271212902486,0.14572238512957744,0.09016235102960674,0.41918905998088674,0.338690816490453,0,575.0,0,2019,2020.0,True
Karnataka,Dakshin Kannad,430,77,8,4,2,2020-21,Dakshina Kannada,575.0,fuzzy,2089649.0,20.577618537850135,3.684829366080141,0.38283941465767696,0.19141970732883848,0.09570985366441924,0.5821775741831693,0.43747351282734154,0.2331558162073239,0.09016235102960674,0.41918905998088674,0.3524316628456657,0,575.0,0,2020,,False
Karnataka,Kodagu,196,30,7,2,0,2019-20,Kodagu,576.0,exact,554519.0,35.34594847065655,5.410094153671921,1.2623553025234482,0.36067294357812807,0.0,1.0,0.6625484089348974,0.7687961835556417,0.16988386932338356,0.0,0.5202456923627845,0,576.0,0,2019,2020.0,True
Karnataka,Kodagu,196,30,7,2,1,2020-21,Kodagu,576.0,exact,554519.0,35.34594847065655,5.410094153671921,1.2623553025234482,0.36067294357812807,0.18033647178906403,1.0,0.6625484089348974,0.7687961835556417,0.16988386932338356,0.7898358757770247,0.6782128675181894,0,576.0,0,2020,,False
Karnataka,Mysore,510,147,10,6,1,2019-20,Mysuru,577.0,crosswalk,3001127.0,16.993616064898287,4.89815992458833,0.3332081581352605,0.1999248948811563,0.03332081581352605,0.48077974421894554,0.5957624035323723,0.20292952371801418,0.09416845738284318,0.14593817589192326,0.3039156609488197,0,577.0,0,2019,2020.0,True
Karnataka,Mysuru,510,147,10,6,3,2020-21,Mysuru,577.0,exact,3001127.0,16.993616064898287,4.89815992458833,0.3332081581352605,0.1999248948811563,0.09996244744057815,0.48077974421894554,0.5957624035323723,0.20292952371801418,0.09416845738284318,0.4378145276757698,0.362290931305589,0,577.0,0,2020,,False
Karnataka,Chamrajnagar,254,62,3,3,0,2019-20,Chamarajanagara,578.0,fuzzy,1020791.0,24.882664521924664,6.073721261257202,0.29388973844792915,0.29388973844792915,0.0,0.7039750126547522,0.7491239904735479,0.17898392699208932,0.1384276996956282,0.0,0.35410212596320356,0,578.0,0,2019,2020.0,True
Karnataka,Chamarajanagar,255,62,3,3,0,2020-21,Chamarajanagara,578.0,fuzzy,1020791.0,24.980627768073973,6.073721261257202,0.29388973844792915,0.29388973844792915,0.0,0.7067465678226842,0.7491239904735479,0.17898392699208932,0.1384276996956282,0.0,0.3546564369967899,0,578.0,0,2020,,False
Karnataka,Gulbarga,337,102,16,6,0,2019-20,Kalaburagi,579.0,crosswalk,2566326.0,13.131613053057173,3.9745535056730907,0.6234593734389161,0.23379726503959358,0.0,0.3715167825800107,0.47527039542051,0.37969752726802297,0.11012299294789517,0.0,0.26732153964328775,0,579.0,0,2019,2020.0,True
Karnataka,Kalaburagi,335,102,16,6,0,2020-21,Kalaburagi,579.0,exact,2566326.0,13.053680631377308,3.9745535056730907,0.6234593734389161,0.23379726503959358,0.0,0.36931193520564864,0.47527039542051,0.37969752726802297,0.11012299294789517,0.0,0.2668805701684153,0,579.0,0,2020,,False
Karnataka,Yadgir,169,44,6,2,1,2019-20,Yadgir,580.0,exact,1174271.0,14.391907830475247,3.7470055889994733,0.5109553075908372,0.1703184358636124,0.0851592179318062,0.4071727723595563,0.44558490941676765,0.3111806079144964,0.08022324772844883,0.37297949110554546,0.32342820570496295,0,580.0,0,2019,2020.0,True
Karnataka,Yadgir,169,44,6,2,1,2020-21,Yadgir,580.0,exact,1174271.0,14.391907830475247,3.7470055889994733,0.5109553075908372,0.1703184358636124,0.0851592179318062,0.4071727723595563,0.44558490941676765,0.3111806079144964,0.08022324772844883,0.37297949110554546,0.32342820570496295,0,580.0,0,2020,,False
Karnataka,Kolar,266,68,2,5,1,2019-20,Kolar,581.0,exact,1536401.0,17.313188418908865,4.425927866487981,0.13017434901435238,0.3254358725358809,0.06508717450717619,0.48982101677882267,0.5341558709119764,0.07927842701576902,0.15328653348529017,0.2850681560347852,0.3083220008453287,0,581.0,0,2019,2020.0,True
Karnataka,Kolar,266,68,2,5,0,2020-21,Kolar,581.0,exact,1536401.0,17.313188418908865,4.425927866487981,0.13017434901435238,0.3254358725358809,0.0,0.48982101677882267,0.5341558709119764,0.07927842701576902,0.15328653348529017,0.0,0.25130836963837166,0,581.0,0,2020,,False
Karnataka,Chikkaballapur,203,61,2,5,1,2019-20,Chikkaballapura,582.0,fuzzy,1255104.0,16.173958492682676,4.8601550150425785,0.15934934475549437,0.3983733618887359,0.07967467237774718,0.45759016782672984,0.590804352380394,0.09704650335386912,0.18764148893903082,0.34895833333333337,0.3364081691666715,0,582.0,0,2019,2020.0,True
Karnataka,Chikballapur,203,61,2,5,1,2020-21,Chikkaballapura,582.0,fuzzy,1255104.0,16.173958492682676,4.8601550150425785,0.15934934475549437,0.3983733618887359,0.07967467237774718,0.45759016782672984,0.590804352380394,0.09704650335386912,0.18764148893903082,0.34895833333333337,0.3364081691666715,0,582.0,0,2020,,False
Karnataka,Bangalore Rural,199,50,2,4,0,2019-20,Bengaluru Rural,583.0,fuzzy,990923.0,20.082286918357937,5.045800733255763,0.20183202933023048,0.40366405866046096,0.0,0.5681637581469859,0.6150233540317114,0.12291919205170788,0.19013350852353478,0.0,0.29924796255078795,0,583.0,0,2019,2020.0,True
Karnataka,Bengaluru Rural,199,50,2,4,0,2020-21,Bengaluru Rural,583.0,exact,990923.0,20.082286918357937,5.045800733255763,0.20183202933023048,0.40366405866046096,0.0,0.5681637581469859,0.6150233540317114,0.12291919205170788,0.19013350852353478,0.0,0.29924796255078795,0,583.0,0,2020,,False
Karnataka,Ramanagar,249,65,4,3,1,2019-20,Ramanagara,584.0,fuzzy,1082636.0,22.999419934308484,6.0038646414861505,0.36946859332222465,0.2771014449916685,0.09236714833055616,0.6506946603343269,0.7400106233252267,0.22501275506348312,0.13052009170210488,0.40454871258668657,0.4301573686023657,0,584.0,0,2019,2020.0,True
Karnataka,Ramanagara,252,65,4,3,0,2020-21,Ramanagara,584.0,exact,1082636.0,23.276521379300153,6.0038646414861505,0.36946859332222465,0.2771014449916685,0.0,0.6585343550371501,0.7400106233252267,0.22501275506348312,0.13052009170210488,0.0,0.35081556502559297,0,584.0,0,2020,,False
Tamil Nadu,Thiruvallur,303,54,14,8,1,2019-20,Thiruvallur,602.0,exact,3728104.0,8.127455671837481,1.4484574464660858,0.37552600463935554,0.21458628836534602,0.026823286045668252,0.22994023426998203,0.14572051289068008,0.22870182318362947,0.10107425472393831,0.11748035998995736,0.16458343701163744,1,602.0,1,2019,2020.0,True
Tamil Nadu,Thiruvallur,303,54,14,11,0,2020-21,Thiruvallur,602.0,exact,3728104.0,8.127455671837481,1.4484574464660858,0.37552600463935554,0.2950561465023508,0.0,0.22994023426998203,0.14572051289068008,0.22870182318362947,0.13897710024541518,0.0,0.14866793411794138,1,602.0,1,2020,,False
Tamil Nadu,Chennai,0,144,15,3,1,2019-20,Chennai,603.0,exact,4646732.0,0.0,3.098952123772148,0.3228075128929321,0.06456150257858641,0.021520500859528804,0.0,0.3610410368429918,0.19659535111792742,0.030409705143313624,0.09425527445955566,0.1364602735127577,1,603.0,1,2019,2020.0,True
Tamil Nadu,Chennai,0,144,15,4,0,2020-21,Chennai,603.0,exact,4646732.0,0.0,3.098952123772148,0.3228075128929321,0.08608200343811521,0.0,0.0,0.3610410368429918,0.19659535111792742,0.04054627352441816,0.0,0.11963653229706747,1,603.0,1,2020,,False
Tamil Nadu,Kancheepuram,364,64,13,9,1,2019-20,Kancheepuram,604.0,exact,3998252.0,9.103978438577657,1.600699505683984,0.3251420870920592,0.22509836798681024,0.02501092977631225,0.2575678071317165,0.16558173414095495,0.1980171471296593,0.10602564570717404,0.10954262012499463,0.16734699084689988,1,604.0,1,2019,2020.0,True
Tamil Nadu,Kanchipuram,143,23,5,3,1,2020-21,Kancheepuram,604.0,fuzzy,3998252.0,3.576562958012652,0.5752513848551817,0.12505464888156126,0.07503278932893674,0.02501092977631225,0.1011873528017458,0.03180364342747198,0.07616044120371512,0.03534188190239135,0.10954262012499463,0.07080718789206378,1,604.0,1,2020,,False
Tamil Nadu,Vellore,454,99,20,12,1,2019-20,Vellore,605.0,exact,3936331.0,11.533582922777581,2.51503239946031,0.5080873534263252,0.3048524120557951,0.025404367671316257,0.32630565656916843,0.28486393508454766,0.3094339742909185,0.14359132908284392,0.11126579548315423,0.23509213810212654,0,605.0,1,2019,2020.0,True
Tamil Nadu,Vellore,157,39,7,4,0,2020-21,Vellore,605.0,exact,3936331.0,3.9884857243966527,0.9907703391813342,0.17783057369921382,0.10161747068526503,0.0,0.11284138343911773,0.08601148801359111,0.10830189100182147,0.04786377636094796,0.0,0.07100370776309566,1,605.0,1,2020,,False
Tamil Nadu,Tiruvanamalai,410,81,18,9,1,2019-20,Tiruvannamalai,606.0,fuzzy,2464875.0,16.633703534662,3.2861706983112735,0.730260155180283,0.3651300775901415,0.04057000862112683,0.47059717603761414,0.3854652304606088,0.44474104808929094,0.1719832648714438,0.1776881180587251,0.3300949675035366,0,606.0,0,2019,2020.0,True
Tamil Nadu,Tiruvannamalai,410,81,18,9,1,2020-21,Tiruvannamalai,606.0,exact,2464875.0,16.633703534662,3.2861706983112735,0.730260155180283,0.3651300775901415,0.04057000862112683,0.47059717603761414,0.3854652304606088,0.44474104808929094,0.1719832648714438,0.1776881180587251,0.3300949675035366,0,606.0,0,2020,,False
Tamil Nadu,Viluppuram,557,88,22,11,1,2019-20,Viluppuram,607.0,exact,3458873.0,16.103511172569792,2.5441812983593213,0.6360453245898303,0.31802266229491516,0.02891115111771956,0.4555970873419504,0.28866664724706875,0.3873625889126314,0.1497947693752657,0.12662477055387694,0.28160917268615865,0,607.0,1,2019,2020.0,True
Tamil Nadu,Villupuram,345,52,13,7,0,2020-21,Viluppuram,607.0,fuzzy,3458873.0,9.974347135613248,1.503379858121417,0.37584496453035426,0.2023780578240369,0.0,0.2821920918006695,0.15288559049859626,0.22889607526655492,0.09532394414789634,0.0,0.1518595403427434,1,607.0,1,2020,,False
Tamil Nadu,Salem,398,87,20,16,1,2019-20,Salem,608.0,exact,3482056.0,11.430028695690133,2.4985238606156823,0.5743733012909614,0.4594986410327691,0.02871866506454807,0.32337592256660186,0.2827102612299224,0.34980326147958146,0.2164326669837207,0.125781722063057,0.2596207668645767,0,608.0,0,2019,2020.0,True
Tamil Nadu,Salem,398,87,20,11,1,2020-21,Salem,608.0,exact,3482056.0,11.430028695690133,2.4985238606156823,0.5743733012909614,0.3159053157100288,0.02871866506454807,0.32337592256660186,0.2827102612299224,0.34980326147958146,0.148797458551308,0.125781722063057,0.2460937251780942,0,608.0,0,2020,,False
Tamil Nadu,Namakkal,240,48,15,8,1,2019-20,Namakkal,609.0,exact,1726601.0,13.900142534378238,2.7800285068756474,0.8687589083986399,0.46333808447927455,0.05791726055990932,0.39325985398065744,0.3194348437209363,0.5290891810504622,0.21824111843635752,0.25366543862768526,0.34273808716321974,0,609.0,0,2019,2020.0,True
Tamil Nadu,Namakkal,240,48,15,8,0,2020-21,Namakkal,609.0,exact,1726601.0,13.900142534378238,2.7800285068756474,0.8687589083986399,0.46333808447927455,0.0,0.39325985398065744,0.3194348437209363,0.5290891810504622,0.21824111843635752,0.0,0.29200499943768266,0,609.0,0,2020,,False
Tamil Nadu,Erode,311,62,14,7,1,2019-20,Erode,610.0,exact,2251744.0,13.811516762118607,2.753421348075092,0.621740304404053,0.3108701522020265,0.04441002174314665,0.3907524726231249,0.31596372233375986,0.3786505845327807,0.14642580003173836,0.19450656913041628,0.285259829730364,0,610.0,0,2019,2020.0,True
Tamil Nadu,Erode,311,62,14,7,1,2020-21,Erode,610.0,exact,2251744.0,13.811516762118607,2.753421348075092,0.621740304404053,0.3108701522020265,0.04441002174314665,0.3907524726231249,0.31596372233375986,0.3786505845327807,0.14642580003173836,0.19450656913041628,0.285259829730364,0,610.0,0,2020,,False
Tamil Nadu,Nilgiris,194,33,4,3,1,2019-20,The Nilgiris,611.0,fuzzy,735394.0,26.380416484224785,4.487390432883597,0.5439261130767996,0.4079445848075997,0.1359815282691999,0.7463490902252982,0.5421741651735239,0.3312603979511787,0.19214971838225495,0.595570537698159,0.4815007818860829,0,611.0,0,2019,2020.0,True
Tamil Nadu,The Nilgiris,194,33,4,5,0,2020-21,The Nilgiris,611.0,exact,735394.0,26.380416484224785,4.487390432883597,0.5439261130767996,0.6799076413459996,0.0,0.7463490902252982,0.5421741651735239,0.3312603979511787,0.3202495306370916,0.0,0.3880066367974185,0,611.0,0,2020,,False
Tamil Nadu,Dindigul,311,59,14,12,1,2019-20,Dindigul,612.0,exact,2159775.0,14.399648111493097,2.7317660404440276,0.6482156706138371,0.5556134319547176,0.04630111932955979,0.40739175873148165,0.31313861041453817,0.3947745398563192,0.2617045757081178,0.20278917942841268,0.3159597328277739,0,612.0,0,2019,2020.0,True
Tamil Nadu,Dindigul,311,59,14,12,0,2020-21,Dindigul,612.0,exact,2159775.0,14.399648111493097,2.7317660404440276,0.6482156706138371,0.5556134319547176,0.0,0.40739175873148165,0.31313861041453817,0.3947745398563192,0.2617045757081178,0.0,0.2754018969420914,0,612.0,0,2020,,False
Tamil Nadu,Karur,168,29,8,6,1,2019-20,Karur,613.0,exact,1064493.0,15.782161085136305,2.724301615886624,0.7515314802445859,0.5636486101834394,0.09394143503057324,0.44650551952901524,0.3121648152070759,0.45769565246724797,0.26548929866142845,0.41144375773255437,0.3786598087194644,0,613.0,0,2019,2020.0,True
Tamil Nadu,Karur,168,29,8,6,1,2020-21,Karur,613.0,exact,1064493.0,15.782161085136305,2.724301615886624,0.7515314802445859,0.5636486101834394,0.09394143503057324,0.44650551952901524,0.3121648152070759,0.45769565246724797,0.26548929866142845,0.41144375773255437,0.3786598087194644,0,613.0,0,2020,,False
Tamil Nadu,Tiruchirappalli,307,70,14,16,1,2019-20,Tiruchirappalli,614.0,exact,2722290.0,11.27727023939404,2.5713645496989668,0.5142729099397934,0.587740468502621,0.03673377928141381,0.31905411305502773,0.29221292461570186,0.3132010850490513,0.27683702569038077,0.1608862391589434,0.27243827751382105,0,614.0,0,2019,2020.0,True
Tamil Nadu,Tiruchirappalli,307,70,14,9,1,2020-21,Tiruchirappalli,614.0,exact,2722290.0,11.27727023939404,2.5713645496989668,0.5142729099397934,0.3306040135327243,0.03673377928141381,0.31905411305502773,0.29221292461570186,0.3132010850490513,0.1557208269508392,0.1608862391589434,0.2482150377659127,0,614.0,0,2020,,False
Tamil Nadu,Perambalur,90,25,4,12,1,2019-20,Perambalur,615.0,exact,565223.0,15.922918918727653,4.4230330329799035,0.7076852852767846,2.1230558558303536,0.17692132131919616,0.45048780999458876,0.5337782162147002,0.4309925623884894,1.0,0.7748782339006022,0.6380273644996761,0,615.0,0,2019,2020.0,True
Tamil Nadu,Perambalur,90,25,4,3,1,2020-21,Perambalur,615.0,exact,565223.0,15.922918918727653,4.4230330329799035,0.7076852852767846,0.5307639639575884,0.17692132131919616,0.45048780999458876,0.5337782162147002,0.4309925623884894,0.25,0.7748782339006022,0.4880273644996761,0,615.0,0,2020,,False
Tamil Nadu,Ariyalur,117,32,6,3,1,2019-20,Ariyalur,616.0,exact,754894.0,15.498864741274934,4.239005741203401,0.7948135764756377,0.39740678823781883,0.13246892941260627,0.4384905600748487,0.5097703515231781,0.48405519667180247,0.1871862142234539,0.5801860923520388,0.4399376829690643,0,616.0,0,2019,2020.0,True
Tamil Nadu,Ariyalur,117,33,6,3,0,2020-21,Ariyalur,616.0,exact,754894.0,15.498864741274934,4.371474670616006,0.7948135764756377,0.39740678823781883,0.0,0.4384905600748487,0.5270520063389814,0.48405519667180247,0.1871862142234539,0.0,0.32735679546181734,0,616.0,0,2020,,False
Tamil Nadu,Cuddalore,319,58,13,9,1,2019-20,Cuddalore,617.0,exact,2605914.0,12.241386323570158,2.225706604285483,0.49886527337433234,0.3453682661822301,0.03837425179802557,0.3463306787122347,0.24711901977731057,0.30381756824878126,0.16267507293026554,0.1680711642824744,0.2456027007902133,0,617.0,0,2019,2020.0,True
Tamil Nadu,Cuddalore,319,58,13,9,1,2020-21,Cuddalore,617.0,exact,2605914.0,12.241386323570158,2.225706604285483,0.49886527337433234,0.3453682661822301,0.03837425179802557,0.3463306787122347,0.24711901977731057,0.30381756824878126,0.16267507293026554,0.1680711642824744,0.2456027007902133,0,617.0,0,2020,,False
Tamil Nadu,Nagapattinam,258,47,11,11,1,2019-20,Nagapattinam,618.0,exact,1616450.0,15.96090197655356,2.9076061740233228,0.6805035726437564,0.6805035726437564,0.0618639611494324,0.4515624185273726,0.3360783933867176,0.41443842989266605,0.3205302257003516,0.27095115840267253,0.35871212518195605,0,618.0,1,2019,2020.0,True
Tamil Nadu,Nagapattinam,111,21,6,5,0,2020-21,Nagapattinam,618.0,exact,1616450.0,6.866899687586996,1.2991431841380803,0.3711837668965944,0.309319805747162,0.0,0.19427685448270682,0.1262412466803249,0.22605732539599965,0.14569555713652346,0.0,0.13845419673911097,1,618.0,1,2020,,False
Tamil Nadu,Thiruvarur,195,40,10,9,1,2019-20,Thiruvarur,619.0,exact,1264277.0,15.423835124739279,3.163863615331134,0.7909659038327835,0.7118693134495051,0.07909659038327835,0.4363678382415969,0.3695092715881168,0.4817118975725041,0.33530409079655804,0.3464264555947787,0.3938639107587109,0,619.0,0,2019,2020.0,True
Tamil Nadu,Thiruvarur,195,40,10,7,1,2020-21,Thiruvarur,619.0,exact,1264277.0,15.423835124739279,3.163863615331134,0.7909659038327835,0.5536761326829485,0.07909659038327835,0.4363678382415969,0.3695092715881168,0.4817118975725041,0.2607920706195452,0.3464264555947787,0.37896150672330836,0,619.0,0,2020,,False
Tamil Nadu,Thanjavur,309,63,14,5,1,2019-20,Thanjavur,620.0,exact,2405890.0,12.843479959599149,2.618573583995943,0.5819052408879875,0.20782330031713833,0.04156466006342767,0.3633649828427021,0.2983717290880065,0.3543903427913088,0.09788875772929491,0.18204448249919988,0.2592120589901024,0,620.0,0,2019,2020.0,True
Tamil Nadu,Thanjavur,309,63,14,13,1,2020-21,Thanjavur,620.0,exact,2405890.0,12.843479959599149,2.618573583995943,0.5819052408879875,0.5403405808245597,0.04156466006342767,0.3633649828427021,0.2983717290880065,0.3543903427913088,0.2545107700961668,0.18204448249919988,0.2905364614634768,0,620.0,0,2020,,False
Tamil Nadu,Pudukkottai,242,62,13,9,1,2019-20,Pudukkottai,621.0,exact,1618345.0,14.953548223648234,3.831074338290043,0.8032897806092025,0.5561236942679095,0.06179152158532328,0.4230625820116936,0.45655236504940666,0.4892173513963058,0.2619449190376589,0.27063388832418306,0.3802822211638496,0,621.0,0,2019,2020.0,True
Tamil Nadu,Pudukkottai,242,63,13,12,1,2020-21,Pudukkottai,621.0,exact,1618345.0,14.953548223648234,3.892865859875366,0.8032897806092025,0.7414982590238793,0.06179152158532328,0.4230625820116936,0.4646135742047604,0.4892173513963058,0.3492598920502118,0.27063388832418306,0.3993574575974309,0,621.0,0,2020,,False
Tamil Nadu,Sivaganga,275,40,12,13,1,2019-20,Sivaganga,622.0,exact,1339101.0,20.536165681304098,2.9870786445533235,0.896123593365997,0.97080055947983,0.0746769661138331,0.5810047988485239,0.34644622687905857,0.545754746858323,0.4572656705257233,0.32706942941570505,0.4515081745054668,0,622.0,0,2019,2020.0,True
Tamil Nadu,Sivaganga,275,40,12,16,1,2020-21,Sivaganga,622.0,exact,1339101.0,20.536165681304098,2.9870786445533235,0.896123593365997,1.1948314578213295,0.0746769661138331,0.5810047988485239,0.34644622687905857,0.545754746858323,0.5627885175701212,0.32706942941570505,0.4726127439143464,0,622.0,0,2020,,False
Tamil Nadu,Madurai,314,75,13,6,1,2019-20,Madurai,623.0,exact,3038252.0,10.334889930130878,2.468524664840178,0.42787760857229745,0.19748197318721422,0.03291366219786904,0.29239249128399203,0.27879662088842627,0.26058485423376815,0.09301779444233066,0.14415492855760484,0.21378933788122442,0,623.0,0,2019,2020.0,True
Tamil Nadu,Madurai,314,75,13,7,1,2020-21,Madurai,623.0,exact,3038252.0,10.334889930130878,2.468524664840178,0.42787760857229745,0.23039563538508326,0.03291366219786904,0.29239249128399203,0.27879662088842627,0.26058485423376815,0.1085207601827191,0.14415492855760484,0.21688993102930207,0,623.0,0,2020,,False
Tamil Nadu,Theni,162,33,8,5,1,2019-20,Theni,624.0,exact,1245899.0,13.002659124054198,2.6486898215665957,0.6421066234100838,0.40131663963130243,0.08026332792626048,0.36786844565364335,0.30230063848853206,0.39105402458932725,0.18902782916860306,0.3515365210181564,0.32035749178365247,0,624.0,0,2019,2020.0,True
Tamil Nadu,Theni,162,33,8,5,1,2020-21,Theni,624.0,exact,1245899.0,13.002659124054198,2.6486898215665957,0.6421066234100838,0.40131663963130243,0.08026332792626048,0.36786844565364335,0.30230063848853206,0.39105402458932725,0.18902782916860306,0.3515365210181564,0.32035749178365247,0,624.0,0,2020,,False
Tamil Nadu,Virudhunagar,245,47,11,10,1,2019-20,Virudhunagar,625.0,exact,1942288.0,12.61398927450512,2.4198265138846553,0.5663423755900258,0.5148567050818417,0.05148567050818416,0.35687228155659717,0.27244354897403106,0.3449122890117223,0.24250737618039483,0.2254964248350399,0.2884463841115571,0,625.0,0,2019,2020.0,True
Tamil Nadu,Virudhunagar,245,47,11,10,0,2020-21,Virudhunagar,625.0,exact,1942288.0,12.61398927450512,2.4198265138846553,0.5663423755900258,0.5148567050818417,0.0,0.35687228155659717,0.27244354897403106,0.3449122890117223,0.24250737618039483,0.0,0.24334709914454908,0,625.0,0,2020,,False
Tamil Nadu,Ramanathapuram,244,48,11,11,1,2019-20,Ramanathapuram,626.0,exact,1353445.0,18.028069112523966,3.5465053991850426,0.8127408206465723,0.8127408206465723,0.07388552914968839,0.510046268173861,0.4194280205052286,0.49497319802430095,0.3828165040569313,0.32360310171451373,0.42617341849496715,0,626.0,0,2019,2020.0,True
Tamil Nadu,Ramanathapuram,244,48,11,9,0,2020-21,Ramanathapuram,626.0,exact,1353445.0,18.028069112523966,3.5465053991850426,0.8127408206465723,0.6649697623471954,0.0,0.510046268173861,0.4194280205052286,0.49497319802430095,0.31321350331930736,0.0,0.3475321980045396,0,626.0,0,2020,,False
Tamil Nadu,Toothukudi,253,48,12,7,1,2019-20,Thoothukkudi,627.0,fuzzy,1750176.0,14.455689027846342,2.742581317536065,0.6856453293840162,0.3999597754740095,0.05713711078200135,0.4089772563281799,0.3145495517293856,0.4175698485596462,0.18838872014395508,0.2502485464319017,0.3159467846386137,0,627.0,0,2019,2020.0,True
Tamil Nadu,Tuticorin,253,48,12,8,1,2020-21,Thoothukkudi,627.0,crosswalk,1750176.0,14.455689027846342,2.742581317536065,0.6856453293840162,0.4570968862560108,0.05713711078200135,0.4089772563281799,0.3145495517293856,0.4175698485596462,0.21530139445023433,0.2502485464319017,0.32132931949986954,0,627.0,0,2020,,False
Tamil Nadu,Tirunelveli,379,85,19,9,1,2019-20,Tirunelveli,628.0,exact,3077233.0,12.316259444767425,2.7622217752116915,0.617437808576731,0.2924705409047674,0.03249672676719637,0.34844897301290756,0.31711180999990707,0.37603029025810464,0.13775923045151278,0.14232883892769901,0.26433582853002624,0,628.0,1,2019,2020.0,True
Tamil Nadu,Tirunelveli,202,43,9,8,0,2020-21,Tirunelveli,628.0,exact,3077233.0,6.564338806973668,1.3973592509894441,0.2924705409047674,0.259973814137571,0.0,0.18571686688286893,0.13905433554740843,0.1781196111748917,0.12245264929023357,0.0,0.12506869257908054,1,628.0,1,2020,,False
Tamil Nadu,Kanniyakumari,267,38,9,8,1,2019-20,Kanniyakumari,629.0,exact,1870374.0,14.275219822345692,2.0316792256521956,0.4811871850228885,0.42772194224256754,0.05346524278032094,0.4038714602381281,0.2218065620015586,0.2930513070939531,0.2014652328001423,0.23416653567682189,0.2708722195621208,0,629.0,0,2019,2020.0,True
Tamil Nadu,Kanniyakumari,267,38,9,8,1,2020-21,Kanniyakumari,629.0,exact,1870374.0,14.275219822345692,2.0316792256521956,0.4811871850228885,0.42772194224256754,0.05346524278032094,0.4038714602381281,0.2218065620015586,0.2930513070939531,0.2014652328001423,0.23416653567682189,0.2708722195621208,0,629.0,0,2020,,False
Tamil Nadu,Dharmapuri,218,43,8,3,1,2019-20,Dharmapuri,630.0,exact,1506843.0,14.46733335855162,2.853648323017063,0.5309113159101513,0.1990917434663067,0.06636391448876891,0.40930669523727986,0.3290391506010505,0.3233341616756479,0.09377602709771357,0.2906600090387652,0.2892232087300914,0,630.0,0,2019,2020.0,True
Tamil Nadu,Dharmapuri,218,43,8,3,1,2020-21,Dharmapuri,630.0,exact,1506843.0,14.46733335855162,2.853648323017063,0.5309113159101513,0.1990917434663067,0.06636391448876891,0.40930669523727986,0.3290391506010505,0.3233341616756479,0.09377602709771357,0.2906600090387652,0.2892232087300914,0,630.0,0,2020,,False
Tamil Nadu,Krishnagiri,239,51,10,6,1,2019-20,Krishnagiri,631.0,exact,1879809.0,12.71405765160184,2.713041590927589,0.5319689393975664,0.3191813636385399,0.05319689393975665,0.3597033946381939,0.31069585289702906,0.3239782726475257,0.15034053991655535,0.23299122410840678,0.2755418568415422,0,631.0,0,2019,2020.0,True
Tamil Nadu,Krishnagiri,239,51,10,6,0,2020-21,Krishnagiri,631.0,exact,1879809.0,12.71405765160184,2.713041590927589,0.5319689393975664,0.3191813636385399,0.0,0.3597033946381939,0.31069585289702906,0.3239782726475257,0.15034053991655535,0.0,0.22894361201986083,0,631.0,0,2020,,False
Tamil Nadu,Coimbatore,328,77,12,12,1,2019-20,Coimbatore,632.0,exact,3458045.0,9.485128157672905,2.226691671161017,0.3470168838173014,0.3470168838173014,0.028918073651441785,0.26835121330941947,0.24724752980444634,0.21133927617272977,0.1634516034348888,0.12665508979784823,0.20340894250386649,1,632.0,1,2019,2020.0,True
Tamil Nadu,Coimbatore,328,77,12,12,1,2020-21,Coimbatore,632.0,exact,3458045.0,9.485128157672905,2.226691671161017,0.3470168838173014,0.3470168838173014,0.028918073651441785,0.26835121330941947,0.24724752980444634,0.21133927617272977,0.1634516034348888,0.12665508979784823,0.20340894250386649,1,632.0,1,2020,,False
Tamil Nadu,Tirupur,242,54,13,10,1,2019-20,Tiruppur,633.0,fuzzy,2479052.0,9.761796041390015,2.1782520092357887,0.5243940022234306,0.4033800017103312,0.040338000171033124,0.27617864178956886,0.24092817989727972,0.31936500506865306,0.1899997122555988,0.17667196976908917,0.24062870175603795,0,633.0,1,2019,2020.0,True
Tamil Nadu,Tiruppur,242,54,13,9,0,2020-21,Tiruppur,633.0,exact,2479052.0,9.761796041390015,2.1782520092357887,0.5243940022234306,0.36304200153929805,0.0,0.27617864178956886,0.24092817989727972,0.31936500506865306,0.1709997410300389,0.0,0.20149431355710812,1,633.0,1,2020,,False
